pdb_id,organism,label
1W62,trypanosoma_cruzi,1
3BWC,trypanosoma_cruzi,1
3K7P,trypanosoma_cruzi,1
3K7S,trypanosoma_cruzi,1
3K8C,trypanosoma_cruzi,1
3W1A,trypanosoma_cruzi,1
3W1L,trypanosoma_cruzi,1
3W1M,trypanosoma_cruzi,1
3W1N,trypanosoma_cruzi,1
3W1P,trypanosoma_cruzi,1
3W1Q,trypanosoma_cruzi,1
3W1R,trypanosoma_cruzi,1
3W1T,trypanosoma_cruzi,1
3W1U,trypanosoma_cruzi,1
3W1X,trypanosoma_cruzi,1
3W22,trypanosoma_cruzi,1
3W23,trypanosoma_cruzi,1
3W2J,trypanosoma_cruzi,1
3W2K,trypanosoma_cruzi,1
3W2L,trypanosoma_cruzi,1
3W2M,trypanosoma_cruzi,1
3W2N,trypanosoma_cruzi,1
3W2U,trypanosoma_cruzi,1
3W3O,trypanosoma_cruzi,1
3W71,trypanosoma_cruzi,1
3W72,trypanosoma_cruzi,1
3W73,trypanosoma_cruzi,1
3W74,trypanosoma_cruzi,1
3W75,trypanosoma_cruzi,1
3W76,trypanosoma_cruzi,1
3W7C,trypanosoma_cruzi,1
3W7D,trypanosoma_cruzi,1
3W7E,trypanosoma_cruzi,1
3W7G,trypanosoma_cruzi,1
3W7H,trypanosoma_cruzi,1
3W7I,trypanosoma_cruzi,1
3W7J,trypanosoma_cruzi,1
3W7K,trypanosoma_cruzi,1
3W7L,trypanosoma_cruzi,1
3W7M,trypanosoma_cruzi,1
3W7N,trypanosoma_cruzi,1
3W7O,trypanosoma_cruzi,1
3W7P,trypanosoma_cruzi,1
3W7Q,trypanosoma_cruzi,1
3W84,trypanosoma_cruzi,1
3W85,trypanosoma_cruzi,1
3W86,trypanosoma_cruzi,1
3W87,trypanosoma_cruzi,1
3W88,trypanosoma_cruzi,1
3WCA,trypanosoma_cruzi,1
3WCC,trypanosoma_cruzi,1
3WSB,trypanosoma_cruzi,1
4DVH,trypanosoma_cruzi,1
4G7F,trypanosoma_cruzi,1
4GIE,trypanosoma_cruzi,1
4H3E,trypanosoma_cruzi,1
4IV5,trypanosoma_cruzi,1
4JD4,trypanosoma_cruzi,1
4JDB,trypanosoma_cruzi,1
4KRZ,trypanosoma_cruzi,1
4LSM,trypanosoma_cruzi,1
4YP0,trypanosoma_cruzi,1
4YPF,trypanosoma_cruzi,1
4YRC,trypanosoma_cruzi,1
4YRE,trypanosoma_cruzi,1
4YRF,trypanosoma_cruzi,1
4YRG,trypanosoma_cruzi,1
4YRI,trypanosoma_cruzi,1
4YRJ,trypanosoma_cruzi,1
4YRK,trypanosoma_cruzi,1
4YRL,trypanosoma_cruzi,1
4YRM,trypanosoma_cruzi,1
4YRN,trypanosoma_cruzi,1
4YRO,trypanosoma_cruzi,1
4YRP,trypanosoma_cruzi,1
4YRQ,trypanosoma_cruzi,1
4YRR,trypanosoma_cruzi,1
4YRT,trypanosoma_cruzi,1
4YUV,trypanosoma_cruzi,1
4YUW,trypanosoma_cruzi,1
4YUX,trypanosoma_cruzi,1
4YUY,trypanosoma_cruzi,1
4YUZ,trypanosoma_cruzi,1
4YV0,trypanosoma_cruzi,1
4YV1,trypanosoma_cruzi,1
4YV2,trypanosoma_cruzi,1
5B1S,trypanosoma_cruzi,1
5BRD,trypanosoma_cruzi,1
5BRE,trypanosoma_cruzi,1
5BRF,trypanosoma_cruzi,1
5BRH,trypanosoma_cruzi,1
5E93,trypanosoma_cruzi,1
5EA9,trypanosoma_cruzi,1
5HCF,trypanosoma_cruzi,1
5T7O,trypanosoma_cruzi,1
5Y4P,trypanosoma_cruzi,1
5Y4Q,trypanosoma_cruzi,1
6AJC,trypanosoma_cruzi,1
6EZL,trypanosoma_cruzi,1
6FTF,trypanosoma_cruzi,1
6FXL,trypanosoma_cruzi,1
6HJE,trypanosoma_cruzi,1
6HJF,trypanosoma_cruzi,1
6HJG,trypanosoma_cruzi,1
6JKS,trypanosoma_cruzi,1
6L7V,trypanosoma_cruzi,1
6L7X,trypanosoma_cruzi,1
6VYE,trypanosoma_cruzi,1
6W29,trypanosoma_cruzi,1
6W2N,trypanosoma_cruzi,1
6XYB,trypanosoma_cruzi,1
6XYD,trypanosoma_cruzi,1
7MF4,trypanosoma_cruzi,1
7S2H,trypanosoma_cruzi,1
7S2P,trypanosoma_cruzi,1
8FWY,trypanosoma_cruzi,1
8FWZ,trypanosoma_cruzi,1
8FX0,trypanosoma_cruzi,1
8FX1,trypanosoma_cruzi,1
8FX2,trypanosoma_cruzi,1
8FX3,trypanosoma_cruzi,1
1QB7,leishmania_donovani,1
1QB8,leishmania_donovani,1
1QCC,leishmania_donovani,1
1QCD,leishmania_donovani,1
2WUU,leishmania_donovani,1
2XOX,leishmania_donovani,1
3C61,leishmania_donovani,1
3EJO,leishmania_donovani,1
3SPX,leishmania_donovani,1
3T4P,leishmania_donovani,1
3TBH,leishmania_donovani,1
4MX2,leishmania_donovani,1
4QNY,leishmania_donovani,1
5C4Q,leishmania_donovani,1
5CX2,leishmania_donovani,1
5TCK,leishmania_donovani,1
5TCM,leishmania_donovani,1
5ZWY,leishmania_donovani,1
6A8A,leishmania_donovani,1
6A8B,leishmania_donovani,1
6A8C,leishmania_donovani,1
6ADZ,leishmania_donovani,1
6BYA,leishmania_donovani,1
6ICR,leishmania_donovani,1
6K8Z,leishmania_donovani,1
6K90,leishmania_donovani,1
6K91,leishmania_donovani,1
6K92,leishmania_donovani,1
6L6O,leishmania_donovani,1
7ZHU,leishmania_donovani,1
7ZHX,leishmania_donovani,1
7ZHY,leishmania_donovani,1
7ZHZ,leishmania_donovani,1
8CTM,leishmania_donovani,1
8JQU,leishmania_donovani,1
8XTU,leishmania_donovani,1
9JVD,leishmania_donovani,1
9UO7,leishmania_donovani,1
9VP5,leishmania_donovani,1
9VP6,leishmania_donovani,1
9VP7,leishmania_donovani,1
1XTP,leishmania_major,1
1Y1X,leishmania_major,1
1Y63,leishmania_major,1
3H80,leishmania_major,1
3MHU,leishmania_major,1
3RIV,leishmania_major,1
3RIW,leishmania_major,1
3TQ0,leishmania_major,1
3TRO,leishmania_major,1
3U67,leishmania_major,1
4G5D,leishmania_major,1
4H51,leishmania_major,1
4H7P,leishmania_major,1
4I1I,leishmania_major,1
6UO0,leishmania_major,1
6UOI,leishmania_major,1
6UOJ,leishmania_major,1
6UP9,leishmania_major,1
6UPM,leishmania_major,1
6UQ8,leishmania_major,1
6UQ9,leishmania_major,1
6UQB,leishmania_major,1
6UQL,leishmania_major,1
6UQM,leishmania_major,1
8FI4,leishmania_major,1
8FI5,leishmania_major,1
8FI6,leishmania_major,1
1TCU,schistosoma_mansoni,1
1TCV,schistosoma_mansoni,1
1TD1,schistosoma_mansoni,1
1TO4,schistosoma_mansoni,1
1TO5,schistosoma_mansoni,1
1U3I,schistosoma_mansoni,1
1VYF,schistosoma_mansoni,1
1VYG,schistosoma_mansoni,1
2CK1,schistosoma_mansoni,1
2CMT,schistosoma_mansoni,1
2V1M,schistosoma_mansoni,1
2V6O,schistosoma_mansoni,1
2WGR,schistosoma_mansoni,1
2X8G,schistosoma_mansoni,1
2X8H,schistosoma_mansoni,1
2X99,schistosoma_mansoni,1
2XBI,schistosoma_mansoni,1
2XBQ,schistosoma_mansoni,1
2XC2,schistosoma_mansoni,1
3DJF,schistosoma_mansoni,1
3E0Q,schistosoma_mansoni,1
3E9R,schistosoma_mansoni,1
3E9Z,schistosoma_mansoni,1
3F8W,schistosoma_mansoni,1
3FAZ,schistosoma_mansoni,1
3FB1,schistosoma_mansoni,1
3FNQ,schistosoma_mansoni,1
3HXG,schistosoma_mansoni,1
3HXI,schistosoma_mansoni,1
3IEX,schistosoma_mansoni,1
3QSD,schistosoma_mansoni,1
3S3Q,schistosoma_mansoni,1
3UQ6,schistosoma_mansoni,1
3UQ9,schistosoma_mansoni,1
3VAQ,schistosoma_mansoni,1
3VAS,schistosoma_mansoni,1
3VCO,schistosoma_mansoni,1
3ZL5,schistosoma_mansoni,1
4BZ5,schistosoma_mansoni,1
4BZ6,schistosoma_mansoni,1
4BZ7,schistosoma_mansoni,1
4BZ8,schistosoma_mansoni,1
4BZ9,schistosoma_mansoni,1
4CQF,schistosoma_mansoni,1
4DC3,schistosoma_mansoni,1
4I04,schistosoma_mansoni,1
4I05,schistosoma_mansoni,1
4I07,schistosoma_mansoni,1
4KV9,schistosoma_mansoni,1
4KVA,schistosoma_mansoni,1
4L5A,schistosoma_mansoni,1
4L5C,schistosoma_mansoni,1
4L5Y,schistosoma_mansoni,1
4L6I,schistosoma_mansoni,1
4MDV,schistosoma_mansoni,1
4MUA,schistosoma_mansoni,1
4MUB,schistosoma_mansoni,1
4P27,schistosoma_mansoni,1
4Q3Q,schistosoma_mansoni,1
4Q3R,schistosoma_mansoni,1
4Q3S,schistosoma_mansoni,1
4Q3T,schistosoma_mansoni,1
4Q3U,schistosoma_mansoni,1
4Q40,schistosoma_mansoni,1
4Q41,schistosoma_mansoni,1
4Q42,schistosoma_mansoni,1
4TXH,schistosoma_mansoni,1
4TXJ,schistosoma_mansoni,1
4TXL,schistosoma_mansoni,1
4TXM,schistosoma_mansoni,1
4TXN,schistosoma_mansoni,1
4WOD,schistosoma_mansoni,1
4WOE,schistosoma_mansoni,1
5BYJ,schistosoma_mansoni,1
5BYK,schistosoma_mansoni,1
5CXS,schistosoma_mansoni,1
5CYF,schistosoma_mansoni,1
5EYT,schistosoma_mansoni,1
5F73,schistosoma_mansoni,1
5F76,schistosoma_mansoni,1
5F77,schistosoma_mansoni,1
5F78,schistosoma_mansoni,1
5F7J,schistosoma_mansoni,1
5F7O,schistosoma_mansoni,1
5F7X,schistosoma_mansoni,1
5F7Z,schistosoma_mansoni,1
5FAK,schistosoma_mansoni,1
5FUE,schistosoma_mansoni,1
5KK8,schistosoma_mansoni,1
5KO5,schistosoma_mansoni,1
5KO6,schistosoma_mansoni,1
5OGQ,schistosoma_mansoni,1
5OGR,schistosoma_mansoni,1
5TBS,schistosoma_mansoni,1
5TBT,schistosoma_mansoni,1
5TBU,schistosoma_mansoni,1
5TBV,schistosoma_mansoni,1
6AWE,schistosoma_mansoni,1
6AXA,schistosoma_mansoni,1
6B2L,schistosoma_mansoni,1
6B37,schistosoma_mansoni,1
6B3L,schistosoma_mansoni,1
6B4Q,schistosoma_mansoni,1
6B4T,schistosoma_mansoni,1
6B4X,schistosoma_mansoni,1
6B4Y,schistosoma_mansoni,1
6B4Z,schistosoma_mansoni,1
6B50,schistosoma_mansoni,1
6B56,schistosoma_mansoni,1
6B6K,schistosoma_mansoni,1
6B71,schistosoma_mansoni,1
6B7I,schistosoma_mansoni,1
6BB7,schistosoma_mansoni,1
6BDP,schistosoma_mansoni,1
6BDQ,schistosoma_mansoni,1
6BDR,schistosoma_mansoni,1
6BDS,schistosoma_mansoni,1
6BFV,schistosoma_mansoni,1
6BHB,schistosoma_mansoni,1
6BI1,schistosoma_mansoni,1
6BI9,schistosoma_mansoni,1
6BIF,schistosoma_mansoni,1
6BJ6,schistosoma_mansoni,1
6BJ7,schistosoma_mansoni,1
6EZU,schistosoma_mansoni,1
6FG5,schistosoma_mansoni,1
6FMU,schistosoma_mansoni,1
6FMZ,schistosoma_mansoni,1
6FTC,schistosoma_mansoni,1
6FU1,schistosoma_mansoni,1
6GX3,schistosoma_mansoni,1
6GXA,schistosoma_mansoni,1
6GXU,schistosoma_mansoni,1
6GXW,schistosoma_mansoni,1
6HRQ,schistosoma_mansoni,1
6HSF,schistosoma_mansoni,1
6HSG,schistosoma_mansoni,1
6HSH,schistosoma_mansoni,1
6HSZ,schistosoma_mansoni,1
6HT8,schistosoma_mansoni,1
6HTG,schistosoma_mansoni,1
6HTH,schistosoma_mansoni,1
6HTI,schistosoma_mansoni,1
6HTT,schistosoma_mansoni,1
6HTZ,schistosoma_mansoni,1
6HU0,schistosoma_mansoni,1
6HU1,schistosoma_mansoni,1
6HU2,schistosoma_mansoni,1
6HU3,schistosoma_mansoni,1
6MFE,schistosoma_mansoni,1
6OOI,schistosoma_mansoni,1
6QQM,schistosoma_mansoni,1
6RTJ,schistosoma_mansoni,1
6RTM,schistosoma_mansoni,1
6RTO,schistosoma_mansoni,1
6TLD,schistosoma_mansoni,1
6U4O,schistosoma_mansoni,1
6UUX,schistosoma_mansoni,1
6YI7,schistosoma_mansoni,1
6ZLB,schistosoma_mansoni,1
6ZLP,schistosoma_mansoni,1
6ZP3,schistosoma_mansoni,1
6ZST,schistosoma_mansoni,1
7AMC,schistosoma_mansoni,1
7AMH,schistosoma_mansoni,1
7B02,schistosoma_mansoni,1
7BM4,schistosoma_mansoni,1
7NEX,schistosoma_mansoni,1
7NG1,schistosoma_mansoni,1
7NWY,schistosoma_mansoni,1
7O2S,schistosoma_mansoni,1
7O48,schistosoma_mansoni,1
7OA1,schistosoma_mansoni,1
7P2S,schistosoma_mansoni,1
7P2T,schistosoma_mansoni,1
7P2U,schistosoma_mansoni,1
7P2V,schistosoma_mansoni,1
7P3S,schistosoma_mansoni,1
7POZ,schistosoma_mansoni,1
7PRI,schistosoma_mansoni,1
7YZH,schistosoma_mansoni,1
8CC2,schistosoma_mansoni,1
8CCU,schistosoma_mansoni,1
8CD9,schistosoma_mansoni,1
8E5Q,schistosoma_mansoni,1
8E5R,schistosoma_mansoni,1
8PDD,schistosoma_mansoni,1
8PL0,schistosoma_mansoni,1
8PL1,schistosoma_mansoni,1
8PL2,schistosoma_mansoni,1
8PL3,schistosoma_mansoni,1
8PL4,schistosoma_mansoni,1
8PL5,schistosoma_mansoni,1
8PL6,schistosoma_mansoni,1
8PL7,schistosoma_mansoni,1
8PL8,schistosoma_mansoni,1
8PL9,schistosoma_mansoni,1
8PLA,schistosoma_mansoni,1
8PLB,schistosoma_mansoni,1
8PLC,schistosoma_mansoni,1
8PLD,schistosoma_mansoni,1
8PLE,schistosoma_mansoni,1
8PLF,schistosoma_mansoni,1
8PLG,schistosoma_mansoni,1
8PLH,schistosoma_mansoni,1
8PLI,schistosoma_mansoni,1
8PLJ,schistosoma_mansoni,1
8PLK,schistosoma_mansoni,1
8PLL,schistosoma_mansoni,1
8PLM,schistosoma_mansoni,1
8PLO,schistosoma_mansoni,1
8PLP,schistosoma_mansoni,1
8PLQ,schistosoma_mansoni,1
8PLS,schistosoma_mansoni,1
8PLT,schistosoma_mansoni,1
8PLU,schistosoma_mansoni,1
8PLV,schistosoma_mansoni,1
8PLW,schistosoma_mansoni,1
8PLX,schistosoma_mansoni,1
8PLY,schistosoma_mansoni,1
9FZV,schistosoma_mansoni,1
9MUG,schistosoma_mansoni,1
9P01,schistosoma_mansoni,1
10DC,homo_sapiens,0
10DJ,homo_sapiens,0
10GS,homo_sapiens,0
10HY,homo_sapiens,0
10HZ,homo_sapiens,0
10IA,homo_sapiens,0
10JT,homo_sapiens,0
10KZ,homo_sapiens,0
10LR,homo_sapiens,0
10MV,homo_sapiens,0
10MW,homo_sapiens,0
10NU,homo_sapiens,0
10NV,homo_sapiens,0
10OO,homo_sapiens,0
10OQ,homo_sapiens,0
10OU,homo_sapiens,0
10QQ,homo_sapiens,0
10QR,homo_sapiens,0
10QS,homo_sapiens,0
10RA,homo_sapiens,0
10RB,homo_sapiens,0
10RC,homo_sapiens,0
11GS,homo_sapiens,0
11OY,homo_sapiens,0
11QE,homo_sapiens,0
11YC,homo_sapiens,0
121P,homo_sapiens,0
12AK,homo_sapiens,0
12CA,homo_sapiens,0
12GS,homo_sapiens,0
13GS,homo_sapiens,0
13RZ,homo_sapiens,0
13SA,homo_sapiens,0
13SB,homo_sapiens,0
13SC,homo_sapiens,0
13SD,homo_sapiens,0
13SE,homo_sapiens,0
13SF,homo_sapiens,0
13SG,homo_sapiens,0
13SH,homo_sapiens,0
13SI,homo_sapiens,0
13SJ,homo_sapiens,0
13SK,homo_sapiens,0
13SL,homo_sapiens,0
13SM,homo_sapiens,0
13SN,homo_sapiens,0
13SO,homo_sapiens,0
13SP,homo_sapiens,0
13SQ,homo_sapiens,0
13SR,homo_sapiens,0
13SS,homo_sapiens,0
13ST,homo_sapiens,0
13SU,homo_sapiens,0
13SV,homo_sapiens,0
13SW,homo_sapiens,0
13SX,homo_sapiens,0
13SY,homo_sapiens,0
13SZ,homo_sapiens,0
13TA,homo_sapiens,0
13TB,homo_sapiens,0
16GS,homo_sapiens,0
17GS,homo_sapiens,0
18GS,homo_sapiens,0
19GS,homo_sapiens,0
1A00,homo_sapiens,0
1A01,homo_sapiens,0
1A0U,homo_sapiens,0
1A0Z,homo_sapiens,0
1A15,homo_sapiens,0
1A17,homo_sapiens,0
1A27,homo_sapiens,0
1A28,homo_sapiens,0
1A2B,homo_sapiens,0
1A2C,homo_sapiens,0
1A3B,homo_sapiens,0
1A3E,homo_sapiens,0
1A3N,homo_sapiens,0
1A3O,homo_sapiens,0
1A42,homo_sapiens,0
1A46,homo_sapiens,0
1A4I,homo_sapiens,0
1A4R,homo_sapiens,0
1A4V,homo_sapiens,0
1A4W,homo_sapiens,0
1A5G,homo_sapiens,0
1A61,homo_sapiens,0
1A6Q,homo_sapiens,0
1A6Y,homo_sapiens,0
1A7C,homo_sapiens,0
1A7S,homo_sapiens,0
1A7X,homo_sapiens,0
1A85,homo_sapiens,0
1A86,homo_sapiens,0
1A8E,homo_sapiens,0
1A8F,homo_sapiens,0
1A9U,homo_sapiens,0
1AA9,homo_sapiens,0
1AAX,homo_sapiens,0
1ABJ,homo_sapiens,0
1ABN,homo_sapiens,0
1ABW,homo_sapiens,0
1AD8,homo_sapiens,0
1ADS,homo_sapiens,0
1AE5,homo_sapiens,0
1AE8,homo_sapiens,0
1AFE,homo_sapiens,0
1AGP,homo_sapiens,0
1AGW,homo_sapiens,0
1AHT,homo_sapiens,0
1AI0,homo_sapiens,0
1AI8,homo_sapiens,0
1AII,homo_sapiens,0
1AIN,homo_sapiens,0
1AIX,homo_sapiens,0
1AIY,homo_sapiens,0
1AJ7,homo_sapiens,0
1AJ9,homo_sapiens,0
1AJJ,homo_sapiens,0
1ALU,homo_sapiens,0
1AM6,homo_sapiens,0
1AM9,homo_sapiens,0
1ANW,homo_sapiens,0
1ANX,homo_sapiens,0
1AOX,homo_sapiens,0
1AP4,homo_sapiens,0
1AP5,homo_sapiens,0
1AP6,homo_sapiens,0
1APY,homo_sapiens,0
1APZ,homo_sapiens,0
1AQ1,homo_sapiens,0
1AQV,homo_sapiens,0
1AQW,homo_sapiens,0
1AQX,homo_sapiens,0
1AS4,homo_sapiens,0
1ATK,homo_sapiens,0
1AU1,homo_sapiens,0
1AU3,homo_sapiens,0
1AU4,homo_sapiens,0
1AU8,homo_sapiens,0
1AUI,homo_sapiens,0
1AUK,homo_sapiens,0
1AUQ,homo_sapiens,0
1AV5,homo_sapiens,0
1AVF,homo_sapiens,0
1AVH,homo_sapiens,0
1AVN,homo_sapiens,0
1AVR,homo_sapiens,0
1AWB,homo_sapiens,0
1AWF,homo_sapiens,0
1AXI,homo_sapiens,0
1AXN,homo_sapiens,0
1AY6,homo_sapiens,0
1AYE,homo_sapiens,0
1AYK,homo_sapiens,0
1AYU,homo_sapiens,0
1AYV,homo_sapiens,0
1AYW,homo_sapiens,0
1AZ1,homo_sapiens,0
1AZM,homo_sapiens,0
1AZV,homo_sapiens,0
1B08,homo_sapiens,0
1B09,homo_sapiens,0
1B0L,homo_sapiens,0
1B1C,homo_sapiens,0
1B1E,homo_sapiens,0
1B1I,homo_sapiens,0
1B2I,homo_sapiens,0
1B38,homo_sapiens,0
1B39,homo_sapiens,0
1B3A,homo_sapiens,0
1B3D,homo_sapiens,0
1B3E,homo_sapiens,0
1B47,homo_sapiens,0
1B4Q,homo_sapiens,0
1B55,homo_sapiens,0
1B56,homo_sapiens,0
1B59,homo_sapiens,0
1B5G,homo_sapiens,0
1B5U,homo_sapiens,0
1B5V,homo_sapiens,0
1B5W,homo_sapiens,0
1B5X,homo_sapiens,0
1B5Y,homo_sapiens,0
1B6A,homo_sapiens,0
1B7L,homo_sapiens,0
1B7M,homo_sapiens,0
1B7N,homo_sapiens,0
1B7O,homo_sapiens,0
1B7P,homo_sapiens,0
1B7Q,homo_sapiens,0
1B7R,homo_sapiens,0
1B7S,homo_sapiens,0
1B86,homo_sapiens,0
1B8Y,homo_sapiens,0
1B9O,homo_sapiens,0
1BA8,homo_sapiens,0
1BA9,homo_sapiens,0
1BAB,homo_sapiens,0
1BB0,homo_sapiens,0
1BBB,homo_sapiens,0
1BBO,homo_sapiens,0
1BBZ,homo_sapiens,0
1BC8,homo_sapiens,0
1BCD,homo_sapiens,0
1BCI,homo_sapiens,0
1BCU,homo_sapiens,0
1BEH,homo_sapiens,0
1BEN,homo_sapiens,0
1BFF,homo_sapiens,0
1BG2,homo_sapiens,0
1BGO,homo_sapiens,0
1BH5,homo_sapiens,0
1BHT,homo_sapiens,0
1BHX,homo_sapiens,0
1BIC,homo_sapiens,0
1BIJ,homo_sapiens,0
1BIK,homo_sapiens,0
1BIL,homo_sapiens,0
1BIO,homo_sapiens,0
1BIW,homo_sapiens,0
1BIX,homo_sapiens,0
1BJ1,homo_sapiens,0
1BJ5,homo_sapiens,0
1BKA,homo_sapiens,0
1BKC,homo_sapiens,0
1BKF,homo_sapiens,0
1BL4,homo_sapiens,0
1BL6,homo_sapiens,0
1BL7,homo_sapiens,0
1BLX,homo_sapiens,0
1BM6,homo_sapiens,0
1BM7,homo_sapiens,0
1BMK,homo_sapiens,0
1BMQ,homo_sapiens,0
1BN1,homo_sapiens,0
1BN3,homo_sapiens,0
1BN4,homo_sapiens,0
1BN5,homo_sapiens,0
1BND,homo_sapiens,0
1BNN,homo_sapiens,0
1BNQ,homo_sapiens,0
1BNT,homo_sapiens,0
1BNU,homo_sapiens,0
1BNV,homo_sapiens,0
1BNW,homo_sapiens,0
1BOA,homo_sapiens,0
1BOR,homo_sapiens,0
1BOZ,homo_sapiens,0
1BP1,homo_sapiens,0
1BPX,homo_sapiens,0
1BPY,homo_sapiens,0
1BQO,homo_sapiens,0
1BQS,homo_sapiens,0
1BQU,homo_sapiens,0
1BRP,homo_sapiens,0
1BSI,homo_sapiens,0
1BTK,homo_sapiens,0
1BUW,homo_sapiens,0
1BV3,homo_sapiens,0
1BWC,homo_sapiens,0
1BWN,homo_sapiens,0
1BX4,homo_sapiens,0
1BY2,homo_sapiens,0
1BY4,homo_sapiens,0
1BYG,homo_sapiens,0
1BYQ,homo_sapiens,0
1BZ0,homo_sapiens,0
1BZ1,homo_sapiens,0
1BZC,homo_sapiens,0
1BZJ,homo_sapiens,0
1BZM,homo_sapiens,0
1BZS,homo_sapiens,0
1BZY,homo_sapiens,0
1BZZ,homo_sapiens,0
1C07,homo_sapiens,0
1C0F,homo_sapiens,0
1C0G,homo_sapiens,0
1C1U,homo_sapiens,0
1C1V,homo_sapiens,0
1C1W,homo_sapiens,0
1C1Y,homo_sapiens,0
1C3D,homo_sapiens,0
1C3I,homo_sapiens,0
1C43,homo_sapiens,0
1C45,homo_sapiens,0
1C4U,homo_sapiens,0
1C4V,homo_sapiens,0
1C5C,homo_sapiens,0
1C5L,homo_sapiens,0
1C5N,homo_sapiens,0
1C5O,homo_sapiens,0
1C5W,homo_sapiens,0
1C5X,homo_sapiens,0
1C5Y,homo_sapiens,0
1C5Z,homo_sapiens,0
1C7B,homo_sapiens,0
1C7C,homo_sapiens,0
1C7D,homo_sapiens,0
1C7P,homo_sapiens,0
1C83,homo_sapiens,0
1C84,homo_sapiens,0
1C86,homo_sapiens,0
1C87,homo_sapiens,0
1C88,homo_sapiens,0
1C8Q,homo_sapiens,0
1C9H,homo_sapiens,0
1C9Q,homo_sapiens,0
1C9Y,homo_sapiens,0
1CA2,homo_sapiens,0
1CA3,homo_sapiens,0
1CA7,homo_sapiens,0
1CA8,homo_sapiens,0
1CAH,homo_sapiens,0
1CAI,homo_sapiens,0
1CAJ,homo_sapiens,0
1CAK,homo_sapiens,0
1CAL,homo_sapiens,0
1CAM,homo_sapiens,0
1CAN,homo_sapiens,0
1CAO,homo_sapiens,0
1CAQ,homo_sapiens,0
1CAY,homo_sapiens,0
1CAZ,homo_sapiens,0
1CB0,homo_sapiens,0
1CB6,homo_sapiens,0
1CBL,homo_sapiens,0
1CBM,homo_sapiens,0
1CBQ,homo_sapiens,0
1CBS,homo_sapiens,0
1CCS,homo_sapiens,0
1CCT,homo_sapiens,0
1CCU,homo_sapiens,0
1CCZ,homo_sapiens,0
1CDK,homo_sapiens,0
1CDL,homo_sapiens,0
1CEA,homo_sapiens,0
1CEB,homo_sapiens,0
1CEE,homo_sapiens,0
1CF4,homo_sapiens,0
1CFF,homo_sapiens,0
1CFH,homo_sapiens,0
1CG6,homo_sapiens,0
1CGE,homo_sapiens,0
1CGF,homo_sapiens,0
1CGH,homo_sapiens,0
1CGL,homo_sapiens,0
1CH4,homo_sapiens,0
1CIL,homo_sapiens,0
1CIM,homo_sapiens,0
1CIN,homo_sapiens,0
1CIZ,homo_sapiens,0
1CJ6,homo_sapiens,0
1CJ7,homo_sapiens,0
1CJ8,homo_sapiens,0
1CJ9,homo_sapiens,0
1CJF,homo_sapiens,0
1CJM,homo_sapiens,0
1CJY,homo_sapiens,0
1CKC,homo_sapiens,0
1CKD,homo_sapiens,0
1CKF,homo_sapiens,0
1CKP,homo_sapiens,0
1CKS,homo_sapiens,0
1CLL,homo_sapiens,0
1CLS,homo_sapiens,0
1CLU,homo_sapiens,0
1CLY,homo_sapiens,0
1CM0,homo_sapiens,0
1CM8,homo_sapiens,0
1CNB,homo_sapiens,0
1CNC,homo_sapiens,0
1CNG,homo_sapiens,0
1CNH,homo_sapiens,0
1CNI,homo_sapiens,0
1CNJ,homo_sapiens,0
1CNK,homo_sapiens,0
1CNT,homo_sapiens,0
1CNW,homo_sapiens,0
1CNX,homo_sapiens,0
1CNY,homo_sapiens,0
1CPU,homo_sapiens,0
1CQR,homo_sapiens,0
1CR8,homo_sapiens,0
1CRA,homo_sapiens,0
1CRM,homo_sapiens,0
1CRP,homo_sapiens,0
1CRQ,homo_sapiens,0
1CRR,homo_sapiens,0
1CS3,homo_sapiens,0
1CSB,homo_sapiens,0
1CTQ,homo_sapiens,0
1CTR,homo_sapiens,0
1CVA,homo_sapiens,0
1CVB,homo_sapiens,0
1CVC,homo_sapiens,0
1CVD,homo_sapiens,0
1CVE,homo_sapiens,0
1CVH,homo_sapiens,0
1CVW,homo_sapiens,0
1CWR,homo_sapiens,0
1CWS,homo_sapiens,0
1CWT,homo_sapiens,0
1CXP,homo_sapiens,0
1CXZ,homo_sapiens,0
1CY5,homo_sapiens,0
1CZ8,homo_sapiens,0
1CZA,homo_sapiens,0
1CZM,homo_sapiens,0
1CZS,homo_sapiens,0
1D0G,homo_sapiens,0
1D1J,homo_sapiens,0
1D1S,homo_sapiens,0
1D1T,homo_sapiens,0
1D1Z,homo_sapiens,0
1D2J,homo_sapiens,0
1D2L,homo_sapiens,0
1D2S,homo_sapiens,0
1D2V,homo_sapiens,0
1D3B,homo_sapiens,0
1D3D,homo_sapiens,0
1D3G,homo_sapiens,0
1D3H,homo_sapiens,0
1D3K,homo_sapiens,0
1D3P,homo_sapiens,0
1D4A,homo_sapiens,0
1D4N,homo_sapiens,0
1D4P,homo_sapiens,0
1D4U,homo_sapiens,0
1D4X,homo_sapiens,0
1D5I,homo_sapiens,0
1D5L,homo_sapiens,0
1D5M,homo_sapiens,0
1D5R,homo_sapiens,0
1D6O,homo_sapiens,0
1D6P,homo_sapiens,0
1D6Q,homo_sapiens,0
1D6V,homo_sapiens,0
1D6W,homo_sapiens,0
1D7H,homo_sapiens,0
1D7I,homo_sapiens,0
1D7J,homo_sapiens,0
1D7P,homo_sapiens,0
1D7W,homo_sapiens,0
1D7X,homo_sapiens,0
1D8D,homo_sapiens,0
1D8F,homo_sapiens,0
1D8M,homo_sapiens,0
1D9I,homo_sapiens,0
1DAN,homo_sapiens,0
1DB1,homo_sapiens,0
1DB4,homo_sapiens,0
1DCA,homo_sapiens,0
1DCB,homo_sapiens,0
1DE7,homo_sapiens,0
1DEB,homo_sapiens,0
1DEH,homo_sapiens,0
1DEJ,homo_sapiens,0
1DFP,homo_sapiens,0
1DG6,homo_sapiens,0
1DGB,homo_sapiens,0
1DGF,homo_sapiens,0
1DGG,homo_sapiens,0
1DGH,homo_sapiens,0
1DHF,homo_sapiens,0
1DHS,homo_sapiens,0
1DHT,homo_sapiens,0
1DI3,homo_sapiens,0
1DI4,homo_sapiens,0
1DI5,homo_sapiens,0
1DI8,homo_sapiens,0
1DIA,homo_sapiens,0
1DIC,homo_sapiens,0
1DIG,homo_sapiens,0
1DJL,homo_sapiens,0
1DJS,homo_sapiens,0
1DK8,homo_sapiens,0
1DKE,homo_sapiens,0
1DKF,homo_sapiens,0
1DL6,homo_sapiens,0
1DLR,homo_sapiens,0
1DLS,homo_sapiens,0
1DM2,homo_sapiens,0
1DMT,homo_sapiens,0
1DMW,homo_sapiens,0
1DNC,homo_sapiens,0
1DNU,homo_sapiens,0
1DNW,homo_sapiens,0
1DO8,homo_sapiens,0
1DOJ,homo_sapiens,0
1DOK,homo_sapiens,0
1DP7,homo_sapiens,0
1DPF,homo_sapiens,0
1DQ8,homo_sapiens,0
1DQA,homo_sapiens,0
1DQB,homo_sapiens,0
1DRF,homo_sapiens,0
1DRZ,homo_sapiens,0
1DS6,homo_sapiens,0
1DSN,homo_sapiens,0
1DSW,homo_sapiens,0
1DSZ,homo_sapiens,0
1DT7,homo_sapiens,0
1DTD,homo_sapiens,0
1DTG,homo_sapiens,0
1DU3,homo_sapiens,0
1DUG,homo_sapiens,0
1DV8,homo_sapiens,0
1DVM,homo_sapiens,0
1DVS,homo_sapiens,0
1DVT,homo_sapiens,0
1DVU,homo_sapiens,0
1DVX,homo_sapiens,0
1DVY,homo_sapiens,0
1DVZ,homo_sapiens,0
1DX5,homo_sapiens,0
1DXO,homo_sapiens,0
1DXT,homo_sapiens,0
1DXU,homo_sapiens,0
1DXV,homo_sapiens,0
1DYT,homo_sapiens,0
1DZI,homo_sapiens,0
1E0A,homo_sapiens,0
1E0S,homo_sapiens,0
1E1V,homo_sapiens,0
1E1X,homo_sapiens,0
1E1Z,homo_sapiens,0
1E2D,homo_sapiens,0
1E2E,homo_sapiens,0
1E2F,homo_sapiens,0
1E2G,homo_sapiens,0
1E2Q,homo_sapiens,0
1E2S,homo_sapiens,0
1E33,homo_sapiens,0
1E3G,homo_sapiens,0
1E42,homo_sapiens,0
1E4H,homo_sapiens,0
1E4U,homo_sapiens,0
1E5A,homo_sapiens,0
1E7A,homo_sapiens,0
1E7B,homo_sapiens,0
1E7C,homo_sapiens,0
1E7E,homo_sapiens,0
1E7F,homo_sapiens,0
1E7G,homo_sapiens,0
1E7H,homo_sapiens,0
1E7Z,homo_sapiens,0
1E87,homo_sapiens,0
1E88,homo_sapiens,0
1E8A,homo_sapiens,0
1E8B,homo_sapiens,0
1E8I,homo_sapiens,0
1E8Z,homo_sapiens,0
1E96,homo_sapiens,0
1E98,homo_sapiens,0
1E99,homo_sapiens,0
1E9A,homo_sapiens,0
1E9B,homo_sapiens,0
1E9C,homo_sapiens,0
1E9D,homo_sapiens,0
1E9E,homo_sapiens,0
1E9F,homo_sapiens,0
1E9H,homo_sapiens,0
1E9J,homo_sapiens,0
1E9N,homo_sapiens,0
1EAJ,homo_sapiens,0
1EAX,homo_sapiens,0
1EAZ,homo_sapiens,0
1EBM,homo_sapiens,0
1ECV,homo_sapiens,0
1EDM,homo_sapiens,0
1EEM,homo_sapiens,0
1EEN,homo_sapiens,0
1EEO,homo_sapiens,0
1EEU,homo_sapiens,0
1EF1,homo_sapiens,0
1EFH,homo_sapiens,0
1EFN,homo_sapiens,0
1EFQ,homo_sapiens,0
1EFV,homo_sapiens,0
1EGD,homo_sapiens,0
1EGG,homo_sapiens,0
1EGI,homo_sapiens,0
1EH2,homo_sapiens,0
1EH3,homo_sapiens,0
1EH6,homo_sapiens,0
1EH7,homo_sapiens,0
1EH8,homo_sapiens,0
1EHW,homo_sapiens,0
1EJ4,homo_sapiens,0
1EJF,homo_sapiens,0
1EJH,homo_sapiens,0
1EJN,homo_sapiens,0
1EK3,homo_sapiens,0
1EK5,homo_sapiens,0
1EK6,homo_sapiens,0
1EKF,homo_sapiens,0
1EKP,homo_sapiens,0
1EKV,homo_sapiens,0
1EL3,homo_sapiens,0
1ELR,homo_sapiens,0
1ELV,homo_sapiens,0
1ELW,homo_sapiens,0
1EM1,homo_sapiens,0
1EM2,homo_sapiens,0
1EM6,homo_sapiens,0
1EMJ,homo_sapiens,0
1EMN,homo_sapiens,0
1EMO,homo_sapiens,0
1EMU,homo_sapiens,0
1EOU,homo_sapiens,0
1EP9,homo_sapiens,0
1EQ4,homo_sapiens,0
1EQ5,homo_sapiens,0
1EQE,homo_sapiens,0
1EQF,homo_sapiens,0
1EQT,homo_sapiens,0
1EQY,homo_sapiens,0
1ESL,homo_sapiens,0
1ESV,homo_sapiens,0
1ET1,homo_sapiens,0
1ETA,homo_sapiens,0
1ETB,homo_sapiens,0
1ETE,homo_sapiens,0
1EUB,homo_sapiens,0
1EV2,homo_sapiens,0
1EV3,homo_sapiens,0
1EV6,homo_sapiens,0
1EVR,homo_sapiens,0
1EVU,homo_sapiens,0
1EW2,homo_sapiens,0
1EWF,homo_sapiens,0
1EWN,homo_sapiens,0
1EX0,homo_sapiens,0
1EXA,homo_sapiens,0
1EXT,homo_sapiens,0
1EXV,homo_sapiens,0
1EXX,homo_sapiens,0
1EXZ,homo_sapiens,0
1EY2,homo_sapiens,0
1EZF,homo_sapiens,0
1EZQ,homo_sapiens,0
1F0J,homo_sapiens,0
1F0R,homo_sapiens,0
1F0S,homo_sapiens,0
1F0Y,homo_sapiens,0
1F12,homo_sapiens,0
1F17,homo_sapiens,0
1F1J,homo_sapiens,0
1F2Q,homo_sapiens,0
1F2W,homo_sapiens,0
1F3M,homo_sapiens,0
1F40,homo_sapiens,0
1F42,homo_sapiens,0
1F4J,homo_sapiens,0
1F4O,homo_sapiens,0
1F4R,homo_sapiens,0
1F5F,homo_sapiens,0
1F5K,homo_sapiens,0
1F5L,homo_sapiens,0
1F5N,homo_sapiens,0
1F5Q,homo_sapiens,0
1F5W,homo_sapiens,0
1F5Y,homo_sapiens,0
1F62,homo_sapiens,0
1F6O,homo_sapiens,0
1F86,homo_sapiens,0
1F8H,homo_sapiens,0
1F8Z,homo_sapiens,0
1F9P,homo_sapiens,0
1F9X,homo_sapiens,0
1FA9,homo_sapiens,0
1FAK,homo_sapiens,0
1FAO,homo_sapiens,0
1FAQ,homo_sapiens,0
1FAR,homo_sapiens,0
1FB8,homo_sapiens,0
1FBY,homo_sapiens,0
1FBZ,homo_sapiens,0
1FC0,homo_sapiens,0
1FCK,homo_sapiens,0
1FCX,homo_sapiens,0
1FCY,homo_sapiens,0
1FCZ,homo_sapiens,0
1FD0,homo_sapiens,0
1FD3,homo_sapiens,0
1FD4,homo_sapiens,0
1FDH,homo_sapiens,0
1FDQ,homo_sapiens,0
1FDS,homo_sapiens,0
1FDT,homo_sapiens,0
1FE0,homo_sapiens,0
1FE4,homo_sapiens,0
1FE8,homo_sapiens,0
1FEE,homo_sapiens,0
1FF1,homo_sapiens,0
1FF7,homo_sapiens,0
1FFM,homo_sapiens,0
1FGA,homo_sapiens,0
1FGG,homo_sapiens,0
1FGI,homo_sapiens,0
1FH0,homo_sapiens,0
1FHA,homo_sapiens,0
1FIB,homo_sapiens,0
1FIC,homo_sapiens,0
1FID,homo_sapiens,0
1FIK,homo_sapiens,0
1FIL,homo_sapiens,0
1FIN,homo_sapiens,0
1FIT,homo_sapiens,0
1FJ2,homo_sapiens,0
1FJS,homo_sapiens,0
1FKB,homo_sapiens,0
1FKD,homo_sapiens,0
1FKF,homo_sapiens,0
1FKG,homo_sapiens,0
1FKH,homo_sapiens,0
1FKI,homo_sapiens,0
1FKJ,homo_sapiens,0
1FL5,homo_sapiens,0
1FLS,homo_sapiens,0
1FM1,homo_sapiens,0
1FM6,homo_sapiens,0
1FM9,homo_sapiens,0
1FMI,homo_sapiens,0
1FN3,homo_sapiens,0
1FNL,homo_sapiens,0
1FO2,homo_sapiens,0
1FO3,homo_sapiens,0
1FP0,homo_sapiens,0
1FPC,homo_sapiens,0
1FPZ,homo_sapiens,0
1FQE,homo_sapiens,0
1FQF,homo_sapiens,0
1FQL,homo_sapiens,0
1FQM,homo_sapiens,0
1FQR,homo_sapiens,0
1FR4,homo_sapiens,0
1FR7,homo_sapiens,0
1FRO,homo_sapiens,0
1FSQ,homo_sapiens,0
1FSR,homo_sapiens,0
1FSU,homo_sapiens,0
1FTA,homo_sapiens,0
1FTN,homo_sapiens,0
1FU2,homo_sapiens,0
1FUB,homo_sapiens,0
1FV1,homo_sapiens,0
1FVT,homo_sapiens,0
1FW1,homo_sapiens,0
1FWQ,homo_sapiens,0
1FXY,homo_sapiens,0
1FY1,homo_sapiens,0
1FY3,homo_sapiens,0
1FYH,homo_sapiens,0
1FZD,homo_sapiens,0
1FZG,homo_sapiens,0
1FZV,homo_sapiens,0
1G05,homo_sapiens,0
1G0E,homo_sapiens,0
1G0F,homo_sapiens,0
1G13,homo_sapiens,0
1G1D,homo_sapiens,0
1G1Q,homo_sapiens,0
1G1S,homo_sapiens,0
1G1T,homo_sapiens,0
1G25,homo_sapiens,0
1G2L,homo_sapiens,0
1G30,homo_sapiens,0
1G32,homo_sapiens,0
1G37,homo_sapiens,0
1G3F,homo_sapiens,0
1G3M,homo_sapiens,0
1G3Z,homo_sapiens,0
1G45,homo_sapiens,0
1G46,homo_sapiens,0
1G47,homo_sapiens,0
1G48,homo_sapiens,0
1G49,homo_sapiens,0
1G4J,homo_sapiens,0
1G4K,homo_sapiens,0
1G4O,homo_sapiens,0
1G4U,homo_sapiens,0
1G52,homo_sapiens,0
1G53,homo_sapiens,0
1G54,homo_sapiens,0
1G55,homo_sapiens,0
1G5Y,homo_sapiens,0
1G73,homo_sapiens,0
1G7A,homo_sapiens,0
1G7B,homo_sapiens,0
1G7F,homo_sapiens,0
1G7G,homo_sapiens,0
1G86,homo_sapiens,0
1G8I,homo_sapiens,0
1G96,homo_sapiens,0
1G9M,homo_sapiens,0
1G9V,homo_sapiens,0
1GA5,homo_sapiens,0
1GAF,homo_sapiens,0
1GAY,homo_sapiens,0
1GAZ,homo_sapiens,0
1GB0,homo_sapiens,0
1GB2,homo_sapiens,0
1GB3,homo_sapiens,0
1GB5,homo_sapiens,0
1GB6,homo_sapiens,0
1GB7,homo_sapiens,0
1GB8,homo_sapiens,0
1GB9,homo_sapiens,0
1GBN,homo_sapiens,0
1GBO,homo_sapiens,0
1GBU,homo_sapiens,0
1GBV,homo_sapiens,0
