pdb_id,organism,label,pdb_path,total_residues,pocket_residues,pocket_fraction
1W62,trypanosoma_cruzi,1,data/processed/training_full/pdbs/1W62.pdb,362,13,0.036
3K7P,trypanosoma_cruzi,1,data/processed/training_full/pdbs/3K7P.pdb,153,6,0.039
3K7S,trypanosoma_cruzi,1,data/processed/training_full/pdbs/3K7S.pdb,152,15,0.099
3K8C,trypanosoma_cruzi,1,data/processed/training_full/pdbs/3K8C.pdb,152,16,0.105
3W1A,trypanosoma_cruzi,1,data/processed/training_full/pdbs/3W1A.pdb,313,60,0.192
3W1L,trypanosoma_cruzi,1,data/processed/training_full/pdbs/3W1L.pdb,313,61,0.195
3W1M,trypanosoma_cruzi,1,data/processed/training_full/pdbs/3W1M.pdb,313,59,0.188
3W1N,trypanosoma_cruzi,1,data/processed/training_full/pdbs/3W1N.pdb,313,53,0.169
3W1P,trypanosoma_cruzi,1,data/processed/training_full/pdbs/3W1P.pdb,313,60,0.192
3W1Q,trypanosoma_cruzi,1,data/processed/training_full/pdbs/3W1Q.pdb,313,65,0.208
3W1R,trypanosoma_cruzi,1,data/processed/training_full/pdbs/3W1R.pdb,313,58,0.185
3W1T,trypanosoma_cruzi,1,data/processed/training_full/pdbs/3W1T.pdb,313,86,0.275
3W1U,trypanosoma_cruzi,1,data/processed/training_full/pdbs/3W1U.pdb,313,90,0.288
3W1X,trypanosoma_cruzi,1,data/processed/training_full/pdbs/3W1X.pdb,313,91,0.291
3W22,trypanosoma_cruzi,1,data/processed/training_full/pdbs/3W22.pdb,313,63,0.201
3W23,trypanosoma_cruzi,1,data/processed/training_full/pdbs/3W23.pdb,313,88,0.281
3W2J,trypanosoma_cruzi,1,data/processed/training_full/pdbs/3W2J.pdb,313,93,0.297
3W2K,trypanosoma_cruzi,1,data/processed/training_full/pdbs/3W2K.pdb,313,101,0.323
3W2L,trypanosoma_cruzi,1,data/processed/training_full/pdbs/3W2L.pdb,313,102,0.326
3W2M,trypanosoma_cruzi,1,data/processed/training_full/pdbs/3W2M.pdb,313,105,0.335
3W2N,trypanosoma_cruzi,1,data/processed/training_full/pdbs/3W2N.pdb,313,90,0.288
3W2U,trypanosoma_cruzi,1,data/processed/training_full/pdbs/3W2U.pdb,313,82,0.262
3W3O,trypanosoma_cruzi,1,data/processed/training_full/pdbs/3W3O.pdb,313,83,0.265
3W71,trypanosoma_cruzi,1,data/processed/training_full/pdbs/3W71.pdb,313,102,0.326
3W72,trypanosoma_cruzi,1,data/processed/training_full/pdbs/3W72.pdb,313,94,0.3
3W73,trypanosoma_cruzi,1,data/processed/training_full/pdbs/3W73.pdb,313,92,0.294
3W74,trypanosoma_cruzi,1,data/processed/training_full/pdbs/3W74.pdb,313,94,0.3
3W75,trypanosoma_cruzi,1,data/processed/training_full/pdbs/3W75.pdb,313,89,0.284
3W76,trypanosoma_cruzi,1,data/processed/training_full/pdbs/3W76.pdb,313,89,0.284
3W7C,trypanosoma_cruzi,1,data/processed/training_full/pdbs/3W7C.pdb,313,95,0.304
3W7D,trypanosoma_cruzi,1,data/processed/training_full/pdbs/3W7D.pdb,313,91,0.291
3W7E,trypanosoma_cruzi,1,data/processed/training_full/pdbs/3W7E.pdb,313,97,0.31
3W7G,trypanosoma_cruzi,1,data/processed/training_full/pdbs/3W7G.pdb,313,82,0.262
3W7H,trypanosoma_cruzi,1,data/processed/training_full/pdbs/3W7H.pdb,313,97,0.31
3W7I,trypanosoma_cruzi,1,data/processed/training_full/pdbs/3W7I.pdb,313,96,0.307
3W7J,trypanosoma_cruzi,1,data/processed/training_full/pdbs/3W7J.pdb,313,89,0.284
3W7K,trypanosoma_cruzi,1,data/processed/training_full/pdbs/3W7K.pdb,313,86,0.275
3W7L,trypanosoma_cruzi,1,data/processed/training_full/pdbs/3W7L.pdb,313,96,0.307
3W7M,trypanosoma_cruzi,1,data/processed/training_full/pdbs/3W7M.pdb,313,86,0.275
3W7N,trypanosoma_cruzi,1,data/processed/training_full/pdbs/3W7N.pdb,313,81,0.259
3W7O,trypanosoma_cruzi,1,data/processed/training_full/pdbs/3W7O.pdb,313,98,0.313
3W7P,trypanosoma_cruzi,1,data/processed/training_full/pdbs/3W7P.pdb,313,106,0.339
3W7Q,trypanosoma_cruzi,1,data/processed/training_full/pdbs/3W7Q.pdb,313,104,0.332
3W84,trypanosoma_cruzi,1,data/processed/training_full/pdbs/3W84.pdb,313,83,0.265
3W85,trypanosoma_cruzi,1,data/processed/training_full/pdbs/3W85.pdb,313,71,0.227
3WCA,trypanosoma_cruzi,1,data/processed/training_full/pdbs/3WCA.pdb,341,37,0.109
3WCC,trypanosoma_cruzi,1,data/processed/training_full/pdbs/3WCC.pdb,342,24,0.07
3WSB,trypanosoma_cruzi,1,data/processed/training_full/pdbs/3WSB.pdb,341,28,0.082
4DVH,trypanosoma_cruzi,1,data/processed/training_full/pdbs/4DVH.pdb,204,5,0.025
4G7F,trypanosoma_cruzi,1,data/processed/training_full/pdbs/4G7F.pdb,419,18,0.043
4GIE,trypanosoma_cruzi,1,data/processed/training_full/pdbs/4GIE.pdb,288,30,0.104
4H3E,trypanosoma_cruzi,1,data/processed/training_full/pdbs/4H3E.pdb,214,6,0.028
4IV5,trypanosoma_cruzi,1,data/processed/training_full/pdbs/4IV5.pdb,304,22,0.072
4JD4,trypanosoma_cruzi,1,data/processed/training_full/pdbs/4JD4.pdb,313,91,0.291
4JDB,trypanosoma_cruzi,1,data/processed/training_full/pdbs/4JDB.pdb,313,83,0.265
4KRZ,trypanosoma_cruzi,1,data/processed/training_full/pdbs/4KRZ.pdb,496,20,0.04
4LSM,trypanosoma_cruzi,1,data/processed/training_full/pdbs/4LSM.pdb,331,41,0.124
4YP0,trypanosoma_cruzi,1,data/processed/training_full/pdbs/4YP0.pdb,415,47,0.113
4YPF,trypanosoma_cruzi,1,data/processed/training_full/pdbs/4YPF.pdb,406,52,0.128
4YRC,trypanosoma_cruzi,1,data/processed/training_full/pdbs/4YRC.pdb,419,60,0.143
4YRE,trypanosoma_cruzi,1,data/processed/training_full/pdbs/4YRE.pdb,415,73,0.176
4YRF,trypanosoma_cruzi,1,data/processed/training_full/pdbs/4YRF.pdb,408,52,0.127
4YRG,trypanosoma_cruzi,1,data/processed/training_full/pdbs/4YRG.pdb,403,52,0.129
4YRI,trypanosoma_cruzi,1,data/processed/training_full/pdbs/4YRI.pdb,408,52,0.127
4YRJ,trypanosoma_cruzi,1,data/processed/training_full/pdbs/4YRJ.pdb,413,52,0.126
4YRK,trypanosoma_cruzi,1,data/processed/training_full/pdbs/4YRK.pdb,412,54,0.131
4YRL,trypanosoma_cruzi,1,data/processed/training_full/pdbs/4YRL.pdb,410,52,0.127
4YRM,trypanosoma_cruzi,1,data/processed/training_full/pdbs/4YRM.pdb,414,43,0.104
4YRN,trypanosoma_cruzi,1,data/processed/training_full/pdbs/4YRN.pdb,415,74,0.178
4YRO,trypanosoma_cruzi,1,data/processed/training_full/pdbs/4YRO.pdb,414,59,0.143
4YRP,trypanosoma_cruzi,1,data/processed/training_full/pdbs/4YRP.pdb,409,61,0.149
4YRQ,trypanosoma_cruzi,1,data/processed/training_full/pdbs/4YRQ.pdb,412,41,0.1
4YRR,trypanosoma_cruzi,1,data/processed/training_full/pdbs/4YRR.pdb,410,55,0.134
4YRT,trypanosoma_cruzi,1,data/processed/training_full/pdbs/4YRT.pdb,414,35,0.085
4YUV,trypanosoma_cruzi,1,data/processed/training_full/pdbs/4YUV.pdb,294,26,0.088
4YUW,trypanosoma_cruzi,1,data/processed/training_full/pdbs/4YUW.pdb,294,35,0.119
4YUX,trypanosoma_cruzi,1,data/processed/training_full/pdbs/4YUX.pdb,294,31,0.105
4YUY,trypanosoma_cruzi,1,data/processed/training_full/pdbs/4YUY.pdb,294,31,0.105
4YUZ,trypanosoma_cruzi,1,data/processed/training_full/pdbs/4YUZ.pdb,280,40,0.143
4YV0,trypanosoma_cruzi,1,data/processed/training_full/pdbs/4YV0.pdb,290,41,0.141
4YV1,trypanosoma_cruzi,1,data/processed/training_full/pdbs/4YV1.pdb,288,41,0.142
4YV2,trypanosoma_cruzi,1,data/processed/training_full/pdbs/4YV2.pdb,278,38,0.137
5B1S,trypanosoma_cruzi,1,data/processed/training_full/pdbs/5B1S.pdb,294,34,0.116
5BRD,trypanosoma_cruzi,1,data/processed/training_full/pdbs/5BRD.pdb,367,18,0.049
5BRE,trypanosoma_cruzi,1,data/processed/training_full/pdbs/5BRE.pdb,367,18,0.049
5BRF,trypanosoma_cruzi,1,data/processed/training_full/pdbs/5BRF.pdb,364,19,0.052
5BRH,trypanosoma_cruzi,1,data/processed/training_full/pdbs/5BRH.pdb,367,18,0.049
5HCF,trypanosoma_cruzi,1,data/processed/training_full/pdbs/5HCF.pdb,264,28,0.106
5Y4P,trypanosoma_cruzi,1,data/processed/training_full/pdbs/5Y4P.pdb,279,37,0.133
5Y4Q,trypanosoma_cruzi,1,data/processed/training_full/pdbs/5Y4Q.pdb,282,38,0.135
6AJC,trypanosoma_cruzi,1,data/processed/training_full/pdbs/6AJC.pdb,413,40,0.097
6EZL,trypanosoma_cruzi,1,data/processed/training_full/pdbs/6EZL.pdb,394,20,0.051
6FTF,trypanosoma_cruzi,1,data/processed/training_full/pdbs/6FTF.pdb,291,54,0.186
6FXL,trypanosoma_cruzi,1,data/processed/training_full/pdbs/6FXL.pdb,155,19,0.123
6HJE,trypanosoma_cruzi,1,data/processed/training_full/pdbs/6HJE.pdb,361,21,0.058
6HJF,trypanosoma_cruzi,1,data/processed/training_full/pdbs/6HJF.pdb,359,13,0.036
6HJG,trypanosoma_cruzi,1,data/processed/training_full/pdbs/6HJG.pdb,376,13,0.035
6JKS,trypanosoma_cruzi,1,data/processed/training_full/pdbs/6JKS.pdb,328,19,0.058
6L7V,trypanosoma_cruzi,1,data/processed/training_full/pdbs/6L7V.pdb,180,27,0.15
6L7X,trypanosoma_cruzi,1,data/processed/training_full/pdbs/6L7X.pdb,203,20,0.099
6VYE,trypanosoma_cruzi,1,data/processed/training_full/pdbs/6VYE.pdb,266,22,0.083
6W29,trypanosoma_cruzi,1,data/processed/training_full/pdbs/6W29.pdb,545,21,0.039
6W2N,trypanosoma_cruzi,1,data/processed/training_full/pdbs/6W2N.pdb,544,19,0.035
6XYB,trypanosoma_cruzi,1,data/processed/training_full/pdbs/6XYB.pdb,109,19,0.174
6XYD,trypanosoma_cruzi,1,data/processed/training_full/pdbs/6XYD.pdb,110,18,0.164
7MF4,trypanosoma_cruzi,1,data/processed/training_full/pdbs/7MF4.pdb,547,15,0.027
7S2H,trypanosoma_cruzi,1,data/processed/training_full/pdbs/7S2H.pdb,369,15,0.041
7S2P,trypanosoma_cruzi,1,data/processed/training_full/pdbs/7S2P.pdb,368,24,0.065
8FWY,trypanosoma_cruzi,1,data/processed/training_full/pdbs/8FWY.pdb,217,15,0.069
8FWZ,trypanosoma_cruzi,1,data/processed/training_full/pdbs/8FWZ.pdb,217,22,0.101
8FX0,trypanosoma_cruzi,1,data/processed/training_full/pdbs/8FX0.pdb,217,18,0.083
8FX1,trypanosoma_cruzi,1,data/processed/training_full/pdbs/8FX1.pdb,216,19,0.088
8FX2,trypanosoma_cruzi,1,data/processed/training_full/pdbs/8FX2.pdb,216,19,0.088
8FX3,trypanosoma_cruzi,1,data/processed/training_full/pdbs/8FX3.pdb,223,17,0.076
1QB7,leishmania_donovani,1,data/processed/training_full/pdbs/1QB7.pdb,236,17,0.072
1QB8,leishmania_donovani,1,data/processed/training_full/pdbs/1QB8.pdb,236,19,0.081
1QCC,leishmania_donovani,1,data/processed/training_full/pdbs/1QCC.pdb,236,6,0.025
1QCD,leishmania_donovani,1,data/processed/training_full/pdbs/1QCD.pdb,236,10,0.042
2WUU,leishmania_donovani,1,data/processed/training_full/pdbs/2WUU.pdb,402,38,0.095
2XOX,leishmania_donovani,1,data/processed/training_full/pdbs/2XOX.pdb,219,7,0.032
3C61,leishmania_donovani,1,data/processed/training_full/pdbs/3C61.pdb,314,76,0.242
3EJO,leishmania_donovani,1,data/processed/training_full/pdbs/3EJO.pdb,292,8,0.027
3SPX,leishmania_donovani,1,data/processed/training_full/pdbs/3SPX.pdb,319,39,0.122
3T4P,leishmania_donovani,1,data/processed/training_full/pdbs/3T4P.pdb,319,37,0.116
3TBH,leishmania_donovani,1,data/processed/training_full/pdbs/3TBH.pdb,318,30,0.094
4MX2,leishmania_donovani,1,data/processed/training_full/pdbs/4MX2.pdb,441,29,0.066
4QNY,leishmania_donovani,1,data/processed/training_full/pdbs/4QNY.pdb,341,28,0.082
5C4Q,leishmania_donovani,1,data/processed/training_full/pdbs/5C4Q.pdb,118,28,0.237
5TCK,leishmania_donovani,1,data/processed/training_full/pdbs/5TCK.pdb,139,30,0.216
5TCM,leishmania_donovani,1,data/processed/training_full/pdbs/5TCM.pdb,116,29,0.25
5ZWY,leishmania_donovani,1,data/processed/training_full/pdbs/5ZWY.pdb,327,53,0.162
6A8A,leishmania_donovani,1,data/processed/training_full/pdbs/6A8A.pdb,327,66,0.202
6A8B,leishmania_donovani,1,data/processed/training_full/pdbs/6A8B.pdb,327,67,0.205
6A8C,leishmania_donovani,1,data/processed/training_full/pdbs/6A8C.pdb,327,82,0.251
6ADZ,leishmania_donovani,1,data/processed/training_full/pdbs/6ADZ.pdb,51,4,0.078
6BYA,leishmania_donovani,1,data/processed/training_full/pdbs/6BYA.pdb,123,29,0.236
6ICR,leishmania_donovani,1,data/processed/training_full/pdbs/6ICR.pdb,53,7,0.132
6K8Z,leishmania_donovani,1,data/processed/training_full/pdbs/6K8Z.pdb,299,38,0.127
6K90,leishmania_donovani,1,data/processed/training_full/pdbs/6K90.pdb,297,45,0.152
6K91,leishmania_donovani,1,data/processed/training_full/pdbs/6K91.pdb,300,44,0.147
6K92,leishmania_donovani,1,data/processed/training_full/pdbs/6K92.pdb,297,45,0.152
6L6O,leishmania_donovani,1,data/processed/training_full/pdbs/6L6O.pdb,165,27,0.164
7ZHU,leishmania_donovani,1,data/processed/training_full/pdbs/7ZHU.pdb,544,141,0.259
7ZHX,leishmania_donovani,1,data/processed/training_full/pdbs/7ZHX.pdb,481,76,0.158
7ZHY,leishmania_donovani,1,data/processed/training_full/pdbs/7ZHY.pdb,534,157,0.294
7ZHZ,leishmania_donovani,1,data/processed/training_full/pdbs/7ZHZ.pdb,536,72,0.134
8CTM,leishmania_donovani,1,data/processed/training_full/pdbs/8CTM.pdb,311,52,0.167
8JQU,leishmania_donovani,1,data/processed/training_full/pdbs/8JQU.pdb,164,30,0.183
8XTU,leishmania_donovani,1,data/processed/training_full/pdbs/8XTU.pdb,156,17,0.109
9JVD,leishmania_donovani,1,data/processed/training_full/pdbs/9JVD.pdb,104,13,0.125
9VP6,leishmania_donovani,1,data/processed/training_full/pdbs/9VP6.pdb,535,49,0.092
9VP7,leishmania_donovani,1,data/processed/training_full/pdbs/9VP7.pdb,532,84,0.158
1XTP,leishmania_major,1,data/processed/training_full/pdbs/1XTP.pdb,239,83,0.347
1Y1X,leishmania_major,1,data/processed/training_full/pdbs/1Y1X.pdb,182,22,0.121
1Y63,leishmania_major,1,data/processed/training_full/pdbs/1Y63.pdb,168,49,0.292
3H80,leishmania_major,1,data/processed/training_full/pdbs/3H80.pdb,214,51,0.238
3MHU,leishmania_major,1,data/processed/training_full/pdbs/3MHU.pdb,308,58,0.188
3RIV,leishmania_major,1,data/processed/training_full/pdbs/3RIV.pdb,267,42,0.157
3RIW,leishmania_major,1,data/processed/training_full/pdbs/3RIW.pdb,268,42,0.157
3TQ0,leishmania_major,1,data/processed/training_full/pdbs/3TQ0.pdb,313,60,0.192
3TRO,leishmania_major,1,data/processed/training_full/pdbs/3TRO.pdb,307,56,0.182
3U67,leishmania_major,1,data/processed/training_full/pdbs/3U67.pdb,218,36,0.165
4G5D,leishmania_major,1,data/processed/training_full/pdbs/4G5D.pdb,283,29,0.102
4H51,leishmania_major,1,data/processed/training_full/pdbs/4H51.pdb,402,31,0.077
4H7P,leishmania_major,1,data/processed/training_full/pdbs/4H7P.pdb,313,16,0.051
4I1I,leishmania_major,1,data/processed/training_full/pdbs/4I1I.pdb,321,48,0.15
6UO0,leishmania_major,1,data/processed/training_full/pdbs/6UO0.pdb,532,54,0.102
6UOI,leishmania_major,1,data/processed/training_full/pdbs/6UOI.pdb,535,48,0.09
6UOJ,leishmania_major,1,data/processed/training_full/pdbs/6UOJ.pdb,535,36,0.067
6UP9,leishmania_major,1,data/processed/training_full/pdbs/6UP9.pdb,532,46,0.086
6UPM,leishmania_major,1,data/processed/training_full/pdbs/6UPM.pdb,532,29,0.055
6UQ8,leishmania_major,1,data/processed/training_full/pdbs/6UQ8.pdb,532,67,0.126
6UQ9,leishmania_major,1,data/processed/training_full/pdbs/6UQ9.pdb,533,32,0.06
6UQB,leishmania_major,1,data/processed/training_full/pdbs/6UQB.pdb,535,50,0.093
6UQL,leishmania_major,1,data/processed/training_full/pdbs/6UQL.pdb,534,31,0.058
6UQM,leishmania_major,1,data/processed/training_full/pdbs/6UQM.pdb,534,54,0.101
8FI4,leishmania_major,1,data/processed/training_full/pdbs/8FI4.pdb,411,36,0.088
8FI5,leishmania_major,1,data/processed/training_full/pdbs/8FI5.pdb,410,36,0.088
8FI6,leishmania_major,1,data/processed/training_full/pdbs/8FI6.pdb,411,35,0.085
1TCU,schistosoma_mansoni,1,data/processed/training_full/pdbs/1TCU.pdb,285,26,0.091
1TCV,schistosoma_mansoni,1,data/processed/training_full/pdbs/1TCV.pdb,282,21,0.074
1TD1,schistosoma_mansoni,1,data/processed/training_full/pdbs/1TD1.pdb,285,9,0.032
1TO4,schistosoma_mansoni,1,data/processed/training_full/pdbs/1TO4.pdb,156,9,0.058
1TO5,schistosoma_mansoni,1,data/processed/training_full/pdbs/1TO5.pdb,156,12,0.077
1U3I,schistosoma_mansoni,1,data/processed/training_full/pdbs/1U3I.pdb,208,11,0.053
1VYF,schistosoma_mansoni,1,data/processed/training_full/pdbs/1VYF.pdb,135,18,0.133
1VYG,schistosoma_mansoni,1,data/processed/training_full/pdbs/1VYG.pdb,135,25,0.185
2V1M,schistosoma_mansoni,1,data/processed/training_full/pdbs/2V1M.pdb,162,26,0.16
2V6O,schistosoma_mansoni,1,data/processed/training_full/pdbs/2V6O.pdb,586,83,0.142
2WGR,schistosoma_mansoni,1,data/processed/training_full/pdbs/2WGR.pdb,163,11,0.067
2X8G,schistosoma_mansoni,1,data/processed/training_full/pdbs/2X8G.pdb,588,85,0.145
2X8H,schistosoma_mansoni,1,data/processed/training_full/pdbs/2X8H.pdb,588,119,0.202
2X99,schistosoma_mansoni,1,data/processed/training_full/pdbs/2X99.pdb,587,151,0.257
2XBI,schistosoma_mansoni,1,data/processed/training_full/pdbs/2XBI.pdb,108,4,0.037
2XBQ,schistosoma_mansoni,1,data/processed/training_full/pdbs/2XBQ.pdb,105,4,0.038
2XC2,schistosoma_mansoni,1,data/processed/training_full/pdbs/2XC2.pdb,110,6,0.055
3DJF,schistosoma_mansoni,1,data/processed/training_full/pdbs/3DJF.pdb,284,32,0.113
3E0Q,schistosoma_mansoni,1,data/processed/training_full/pdbs/3E0Q.pdb,285,25,0.088
3E9R,schistosoma_mansoni,1,data/processed/training_full/pdbs/3E9R.pdb,285,31,0.109
3E9Z,schistosoma_mansoni,1,data/processed/training_full/pdbs/3E9Z.pdb,284,36,0.127
3F8W,schistosoma_mansoni,1,data/processed/training_full/pdbs/3F8W.pdb,284,31,0.109
3FAZ,schistosoma_mansoni,1,data/processed/training_full/pdbs/3FAZ.pdb,285,24,0.084
3FB1,schistosoma_mansoni,1,data/processed/training_full/pdbs/3FB1.pdb,285,21,0.074
3FNQ,schistosoma_mansoni,1,data/processed/training_full/pdbs/3FNQ.pdb,284,34,0.12
3HXG,schistosoma_mansoni,1,data/processed/training_full/pdbs/3HXG.pdb,198,15,0.076
3HXI,schistosoma_mansoni,1,data/processed/training_full/pdbs/3HXI.pdb,196,18,0.092
3IEX,schistosoma_mansoni,1,data/processed/training_full/pdbs/3IEX.pdb,284,36,0.127
3QSD,schistosoma_mansoni,1,data/processed/training_full/pdbs/3QSD.pdb,253,35,0.138
3S3Q,schistosoma_mansoni,1,data/processed/training_full/pdbs/3S3Q.pdb,254,33,0.13
3UQ6,schistosoma_mansoni,1,data/processed/training_full/pdbs/3UQ6.pdb,345,38,0.11
3UQ9,schistosoma_mansoni,1,data/processed/training_full/pdbs/3UQ9.pdb,345,36,0.104
3VAQ,schistosoma_mansoni,1,data/processed/training_full/pdbs/3VAQ.pdb,345,21,0.061
3VAS,schistosoma_mansoni,1,data/processed/training_full/pdbs/3VAS.pdb,345,21,0.061
3VCO,schistosoma_mansoni,1,data/processed/training_full/pdbs/3VCO.pdb,183,14,0.077
3ZL5,schistosoma_mansoni,1,data/processed/training_full/pdbs/3ZL5.pdb,164,34,0.207
4BZ5,schistosoma_mansoni,1,data/processed/training_full/pdbs/4BZ5.pdb,419,29,0.069
4BZ6,schistosoma_mansoni,1,data/processed/training_full/pdbs/4BZ6.pdb,417,49,0.118
4BZ7,schistosoma_mansoni,1,data/processed/training_full/pdbs/4BZ7.pdb,421,77,0.183
4BZ8,schistosoma_mansoni,1,data/processed/training_full/pdbs/4BZ8.pdb,420,29,0.069
4BZ9,schistosoma_mansoni,1,data/processed/training_full/pdbs/4BZ9.pdb,421,81,0.192
4CQF,schistosoma_mansoni,1,data/processed/training_full/pdbs/4CQF.pdb,421,93,0.221
4DC3,schistosoma_mansoni,1,data/processed/training_full/pdbs/4DC3.pdb,345,21,0.061
4I04,schistosoma_mansoni,1,data/processed/training_full/pdbs/4I04.pdb,312,20,0.064
4I05,schistosoma_mansoni,1,data/processed/training_full/pdbs/4I05.pdb,276,17,0.062
4I07,schistosoma_mansoni,1,data/processed/training_full/pdbs/4I07.pdb,252,16,0.063
4KV9,schistosoma_mansoni,1,data/processed/training_full/pdbs/4KV9.pdb,253,20,0.079
4KVA,schistosoma_mansoni,1,data/processed/training_full/pdbs/4KVA.pdb,258,20,0.078
4L5A,schistosoma_mansoni,1,data/processed/training_full/pdbs/4L5A.pdb,286,24,0.084
4L5C,schistosoma_mansoni,1,data/processed/training_full/pdbs/4L5C.pdb,290,18,0.062
4L5Y,schistosoma_mansoni,1,data/processed/training_full/pdbs/4L5Y.pdb,287,8,0.028
4L6I,schistosoma_mansoni,1,data/processed/training_full/pdbs/4L6I.pdb,299,20,0.067
4MDV,schistosoma_mansoni,1,data/processed/training_full/pdbs/4MDV.pdb,351,31,0.088
4MUA,schistosoma_mansoni,1,data/processed/training_full/pdbs/4MUA.pdb,253,21,0.083
4MUB,schistosoma_mansoni,1,data/processed/training_full/pdbs/4MUB.pdb,256,37,0.145
4P27,schistosoma_mansoni,1,data/processed/training_full/pdbs/4P27.pdb,155,7,0.045
4Q3Q,schistosoma_mansoni,1,data/processed/training_full/pdbs/4Q3Q.pdb,336,29,0.086
4Q3R,schistosoma_mansoni,1,data/processed/training_full/pdbs/4Q3R.pdb,336,54,0.161
4Q3S,schistosoma_mansoni,1,data/processed/training_full/pdbs/4Q3S.pdb,335,35,0.104
4Q3T,schistosoma_mansoni,1,data/processed/training_full/pdbs/4Q3T.pdb,337,30,0.089
4Q3U,schistosoma_mansoni,1,data/processed/training_full/pdbs/4Q3U.pdb,337,30,0.089
4Q40,schistosoma_mansoni,1,data/processed/training_full/pdbs/4Q40.pdb,335,46,0.137
4Q41,schistosoma_mansoni,1,data/processed/training_full/pdbs/4Q41.pdb,336,29,0.086
4Q42,schistosoma_mansoni,1,data/processed/training_full/pdbs/4Q42.pdb,336,28,0.083
4TXH,schistosoma_mansoni,1,data/processed/training_full/pdbs/4TXH.pdb,290,11,0.038
4TXJ,schistosoma_mansoni,1,data/processed/training_full/pdbs/4TXJ.pdb,291,26,0.089
4TXL,schistosoma_mansoni,1,data/processed/training_full/pdbs/4TXL.pdb,290,23,0.079
4TXM,schistosoma_mansoni,1,data/processed/training_full/pdbs/4TXM.pdb,285,23,0.081
4TXN,schistosoma_mansoni,1,data/processed/training_full/pdbs/4TXN.pdb,290,21,0.072
4WOE,schistosoma_mansoni,1,data/processed/training_full/pdbs/4WOE.pdb,716,56,0.078
5BYJ,schistosoma_mansoni,1,data/processed/training_full/pdbs/5BYJ.pdb,256,37,0.145
5BYK,schistosoma_mansoni,1,data/processed/training_full/pdbs/5BYK.pdb,253,39,0.154
5CXS,schistosoma_mansoni,1,data/processed/training_full/pdbs/5CXS.pdb,283,12,0.042
5CYF,schistosoma_mansoni,1,data/processed/training_full/pdbs/5CYF.pdb,290,17,0.059
5F73,schistosoma_mansoni,1,data/processed/training_full/pdbs/5F73.pdb,291,9,0.031
5F76,schistosoma_mansoni,1,data/processed/training_full/pdbs/5F76.pdb,290,25,0.086
5F77,schistosoma_mansoni,1,data/processed/training_full/pdbs/5F77.pdb,292,20,0.068
5F78,schistosoma_mansoni,1,data/processed/training_full/pdbs/5F78.pdb,289,8,0.028
5F7J,schistosoma_mansoni,1,data/processed/training_full/pdbs/5F7J.pdb,299,20,0.067
5F7O,schistosoma_mansoni,1,data/processed/training_full/pdbs/5F7O.pdb,295,20,0.068
5F7X,schistosoma_mansoni,1,data/processed/training_full/pdbs/5F7X.pdb,292,23,0.079
5F7Z,schistosoma_mansoni,1,data/processed/training_full/pdbs/5F7Z.pdb,289,9,0.031
5FAK,schistosoma_mansoni,1,data/processed/training_full/pdbs/5FAK.pdb,291,22,0.076
5FUE,schistosoma_mansoni,1,data/processed/training_full/pdbs/5FUE.pdb,416,83,0.2
5KK8,schistosoma_mansoni,1,data/processed/training_full/pdbs/5KK8.pdb,149,14,0.094
5KO5,schistosoma_mansoni,1,data/processed/training_full/pdbs/5KO5.pdb,283,27,0.095
5KO6,schistosoma_mansoni,1,data/processed/training_full/pdbs/5KO6.pdb,285,21,0.074
5OGQ,schistosoma_mansoni,1,data/processed/training_full/pdbs/5OGQ.pdb,254,27,0.106
5OGR,schistosoma_mansoni,1,data/processed/training_full/pdbs/5OGR.pdb,254,34,0.134
5TBS,schistosoma_mansoni,1,data/processed/training_full/pdbs/5TBS.pdb,284,31,0.109
5TBT,schistosoma_mansoni,1,data/processed/training_full/pdbs/5TBT.pdb,283,17,0.06
5TBU,schistosoma_mansoni,1,data/processed/training_full/pdbs/5TBU.pdb,283,28,0.099
5TBV,schistosoma_mansoni,1,data/processed/training_full/pdbs/5TBV.pdb,283,31,0.11
6AWE,schistosoma_mansoni,1,data/processed/training_full/pdbs/6AWE.pdb,280,79,0.282
6AXA,schistosoma_mansoni,1,data/processed/training_full/pdbs/6AXA.pdb,280,81,0.289
6B2L,schistosoma_mansoni,1,data/processed/training_full/pdbs/6B2L.pdb,280,66,0.236
6B37,schistosoma_mansoni,1,data/processed/training_full/pdbs/6B37.pdb,280,67,0.239
6B3L,schistosoma_mansoni,1,data/processed/training_full/pdbs/6B3L.pdb,280,62,0.221
6B4Q,schistosoma_mansoni,1,data/processed/training_full/pdbs/6B4Q.pdb,280,60,0.214
6B4T,schistosoma_mansoni,1,data/processed/training_full/pdbs/6B4T.pdb,280,75,0.268
6B4X,schistosoma_mansoni,1,data/processed/training_full/pdbs/6B4X.pdb,255,30,0.118
6B4Y,schistosoma_mansoni,1,data/processed/training_full/pdbs/6B4Y.pdb,251,37,0.147
6B4Z,schistosoma_mansoni,1,data/processed/training_full/pdbs/6B4Z.pdb,255,30,0.118
6B50,schistosoma_mansoni,1,data/processed/training_full/pdbs/6B50.pdb,252,37,0.147
6B56,schistosoma_mansoni,1,data/processed/training_full/pdbs/6B56.pdb,280,44,0.157
6B6K,schistosoma_mansoni,1,data/processed/training_full/pdbs/6B6K.pdb,282,69,0.245
6B71,schistosoma_mansoni,1,data/processed/training_full/pdbs/6B71.pdb,280,59,0.211
6B7I,schistosoma_mansoni,1,data/processed/training_full/pdbs/6B7I.pdb,281,68,0.242
6BB7,schistosoma_mansoni,1,data/processed/training_full/pdbs/6BB7.pdb,280,58,0.207
6BDP,schistosoma_mansoni,1,data/processed/training_full/pdbs/6BDP.pdb,251,37,0.147
6BDQ,schistosoma_mansoni,1,data/processed/training_full/pdbs/6BDQ.pdb,258,38,0.147
6BDR,schistosoma_mansoni,1,data/processed/training_full/pdbs/6BDR.pdb,258,44,0.171
6BDS,schistosoma_mansoni,1,data/processed/training_full/pdbs/6BDS.pdb,258,45,0.174
6BFV,schistosoma_mansoni,1,data/processed/training_full/pdbs/6BFV.pdb,280,57,0.204
6BHB,schistosoma_mansoni,1,data/processed/training_full/pdbs/6BHB.pdb,280,78,0.279
6BI1,schistosoma_mansoni,1,data/processed/training_full/pdbs/6BI1.pdb,280,64,0.229
6BI9,schistosoma_mansoni,1,data/processed/training_full/pdbs/6BI9.pdb,280,63,0.225
6BIF,schistosoma_mansoni,1,data/processed/training_full/pdbs/6BIF.pdb,280,77,0.275
6BJ6,schistosoma_mansoni,1,data/processed/training_full/pdbs/6BJ6.pdb,280,64,0.229
6BJ7,schistosoma_mansoni,1,data/processed/training_full/pdbs/6BJ7.pdb,281,64,0.228
6EZU,schistosoma_mansoni,1,data/processed/training_full/pdbs/6EZU.pdb,333,21,0.063
6FG5,schistosoma_mansoni,1,data/processed/training_full/pdbs/6FG5.pdb,334,8,0.024
6FMU,schistosoma_mansoni,1,data/processed/training_full/pdbs/6FMU.pdb,588,68,0.116
6FMZ,schistosoma_mansoni,1,data/processed/training_full/pdbs/6FMZ.pdb,588,60,0.102
6FTC,schistosoma_mansoni,1,data/processed/training_full/pdbs/6FTC.pdb,587,92,0.157
6FU1,schistosoma_mansoni,1,data/processed/training_full/pdbs/6FU1.pdb,418,52,0.124
6GX3,schistosoma_mansoni,1,data/processed/training_full/pdbs/6GX3.pdb,413,81,0.196
6GXA,schistosoma_mansoni,1,data/processed/training_full/pdbs/6GXA.pdb,416,60,0.144
6GXU,schistosoma_mansoni,1,data/processed/training_full/pdbs/6GXU.pdb,414,120,0.29
6GXW,schistosoma_mansoni,1,data/processed/training_full/pdbs/6GXW.pdb,414,62,0.15
6HRQ,schistosoma_mansoni,1,data/processed/training_full/pdbs/6HRQ.pdb,421,139,0.33
6HSF,schistosoma_mansoni,1,data/processed/training_full/pdbs/6HSF.pdb,412,90,0.218
6HSG,schistosoma_mansoni,1,data/processed/training_full/pdbs/6HSG.pdb,415,107,0.258
6HSH,schistosoma_mansoni,1,data/processed/training_full/pdbs/6HSH.pdb,425,120,0.282
6HSZ,schistosoma_mansoni,1,data/processed/training_full/pdbs/6HSZ.pdb,416,63,0.151
6HT8,schistosoma_mansoni,1,data/processed/training_full/pdbs/6HT8.pdb,416,107,0.257
6HTG,schistosoma_mansoni,1,data/processed/training_full/pdbs/6HTG.pdb,417,103,0.247
6HTH,schistosoma_mansoni,1,data/processed/training_full/pdbs/6HTH.pdb,416,140,0.337
6HTI,schistosoma_mansoni,1,data/processed/training_full/pdbs/6HTI.pdb,415,39,0.094
6HTT,schistosoma_mansoni,1,data/processed/training_full/pdbs/6HTT.pdb,415,131,0.316
6HTZ,schistosoma_mansoni,1,data/processed/training_full/pdbs/6HTZ.pdb,417,111,0.266
6HU1,schistosoma_mansoni,1,data/processed/training_full/pdbs/6HU1.pdb,416,126,0.303
6HU2,schistosoma_mansoni,1,data/processed/training_full/pdbs/6HU2.pdb,419,83,0.198
6HU3,schistosoma_mansoni,1,data/processed/training_full/pdbs/6HU3.pdb,422,101,0.239
6MFE,schistosoma_mansoni,1,data/processed/training_full/pdbs/6MFE.pdb,258,39,0.151
6OOI,schistosoma_mansoni,1,data/processed/training_full/pdbs/6OOI.pdb,256,40,0.156
6QQM,schistosoma_mansoni,1,data/processed/training_full/pdbs/6QQM.pdb,277,30,0.108
6RTJ,schistosoma_mansoni,1,data/processed/training_full/pdbs/6RTJ.pdb,588,74,0.126
6RTM,schistosoma_mansoni,1,data/processed/training_full/pdbs/6RTM.pdb,587,74,0.126
6RTO,schistosoma_mansoni,1,data/processed/training_full/pdbs/6RTO.pdb,588,72,0.122
6TLD,schistosoma_mansoni,1,data/processed/training_full/pdbs/6TLD.pdb,422,102,0.242
6U4O,schistosoma_mansoni,1,data/processed/training_full/pdbs/6U4O.pdb,479,29,0.061
6UUX,schistosoma_mansoni,1,data/processed/training_full/pdbs/6UUX.pdb,256,38,0.148
6YI7,schistosoma_mansoni,1,data/processed/training_full/pdbs/6YI7.pdb,254,27,0.106
6ZLB,schistosoma_mansoni,1,data/processed/training_full/pdbs/6ZLB.pdb,587,77,0.131
6ZLP,schistosoma_mansoni,1,data/processed/training_full/pdbs/6ZLP.pdb,588,74,0.126
6ZP3,schistosoma_mansoni,1,data/processed/training_full/pdbs/6ZP3.pdb,588,96,0.163
6ZST,schistosoma_mansoni,1,data/processed/training_full/pdbs/6ZST.pdb,589,69,0.117
7AMC,schistosoma_mansoni,1,data/processed/training_full/pdbs/7AMC.pdb,115,20,0.174
7AMH,schistosoma_mansoni,1,data/processed/training_full/pdbs/7AMH.pdb,114,12,0.105
7B02,schistosoma_mansoni,1,data/processed/training_full/pdbs/7B02.pdb,593,84,0.142
7BM4,schistosoma_mansoni,1,data/processed/training_full/pdbs/7BM4.pdb,276,35,0.127
7NEX,schistosoma_mansoni,1,data/processed/training_full/pdbs/7NEX.pdb,277,40,0.144
7NG1,schistosoma_mansoni,1,data/processed/training_full/pdbs/7NG1.pdb,277,38,0.137
7O2S,schistosoma_mansoni,1,data/processed/training_full/pdbs/7O2S.pdb,276,27,0.098
7O48,schistosoma_mansoni,1,data/processed/training_full/pdbs/7O48.pdb,279,39,0.14
7P2S,schistosoma_mansoni,1,data/processed/training_full/pdbs/7P2S.pdb,399,29,0.073
7P2T,schistosoma_mansoni,1,data/processed/training_full/pdbs/7P2T.pdb,428,47,0.11
7P2U,schistosoma_mansoni,1,data/processed/training_full/pdbs/7P2U.pdb,409,40,0.098
7P3S,schistosoma_mansoni,1,data/processed/training_full/pdbs/7P3S.pdb,415,56,0.135
7POZ,schistosoma_mansoni,1,data/processed/training_full/pdbs/7POZ.pdb,405,34,0.084
8E5Q,schistosoma_mansoni,1,data/processed/training_full/pdbs/8E5Q.pdb,241,39,0.162
8E5R,schistosoma_mansoni,1,data/processed/training_full/pdbs/8E5R.pdb,257,43,0.167
8PDD,schistosoma_mansoni,1,data/processed/training_full/pdbs/8PDD.pdb,588,98,0.167
8PL0,schistosoma_mansoni,1,data/processed/training_full/pdbs/8PL0.pdb,588,45,0.077
8PL1,schistosoma_mansoni,1,data/processed/training_full/pdbs/8PL1.pdb,588,57,0.097
8PL2,schistosoma_mansoni,1,data/processed/training_full/pdbs/8PL2.pdb,588,47,0.08
8PL3,schistosoma_mansoni,1,data/processed/training_full/pdbs/8PL3.pdb,588,51,0.087
8PL4,schistosoma_mansoni,1,data/processed/training_full/pdbs/8PL4.pdb,588,57,0.097
8PL5,schistosoma_mansoni,1,data/processed/training_full/pdbs/8PL5.pdb,588,56,0.095
8PL6,schistosoma_mansoni,1,data/processed/training_full/pdbs/8PL6.pdb,588,58,0.099
8PL7,schistosoma_mansoni,1,data/processed/training_full/pdbs/8PL7.pdb,588,55,0.094
8PL8,schistosoma_mansoni,1,data/processed/training_full/pdbs/8PL8.pdb,588,59,0.1
8PL9,schistosoma_mansoni,1,data/processed/training_full/pdbs/8PL9.pdb,588,48,0.082
8PLA,schistosoma_mansoni,1,data/processed/training_full/pdbs/8PLA.pdb,588,48,0.082
8PLB,schistosoma_mansoni,1,data/processed/training_full/pdbs/8PLB.pdb,588,59,0.1
8PLC,schistosoma_mansoni,1,data/processed/training_full/pdbs/8PLC.pdb,588,48,0.082
8PLD,schistosoma_mansoni,1,data/processed/training_full/pdbs/8PLD.pdb,588,59,0.1
8PLE,schistosoma_mansoni,1,data/processed/training_full/pdbs/8PLE.pdb,588,68,0.116
8PLF,schistosoma_mansoni,1,data/processed/training_full/pdbs/8PLF.pdb,587,52,0.089
8PLG,schistosoma_mansoni,1,data/processed/training_full/pdbs/8PLG.pdb,586,45,0.077
8PLH,schistosoma_mansoni,1,data/processed/training_full/pdbs/8PLH.pdb,586,55,0.094
8PLI,schistosoma_mansoni,1,data/processed/training_full/pdbs/8PLI.pdb,587,48,0.082
8PLJ,schistosoma_mansoni,1,data/processed/training_full/pdbs/8PLJ.pdb,588,50,0.085
8PLK,schistosoma_mansoni,1,data/processed/training_full/pdbs/8PLK.pdb,587,55,0.094
8PLL,schistosoma_mansoni,1,data/processed/training_full/pdbs/8PLL.pdb,587,47,0.08
8PLM,schistosoma_mansoni,1,data/processed/training_full/pdbs/8PLM.pdb,587,49,0.083
8PLO,schistosoma_mansoni,1,data/processed/training_full/pdbs/8PLO.pdb,587,59,0.101
8PLP,schistosoma_mansoni,1,data/processed/training_full/pdbs/8PLP.pdb,588,52,0.088
8PLQ,schistosoma_mansoni,1,data/processed/training_full/pdbs/8PLQ.pdb,588,46,0.078
8PLS,schistosoma_mansoni,1,data/processed/training_full/pdbs/8PLS.pdb,588,50,0.085
8PLT,schistosoma_mansoni,1,data/processed/training_full/pdbs/8PLT.pdb,588,51,0.087
8PLU,schistosoma_mansoni,1,data/processed/training_full/pdbs/8PLU.pdb,587,55,0.094
8PLV,schistosoma_mansoni,1,data/processed/training_full/pdbs/8PLV.pdb,588,56,0.095
8PLW,schistosoma_mansoni,1,data/processed/training_full/pdbs/8PLW.pdb,588,55,0.094
8PLX,schistosoma_mansoni,1,data/processed/training_full/pdbs/8PLX.pdb,588,46,0.078
8PLY,schistosoma_mansoni,1,data/processed/training_full/pdbs/8PLY.pdb,588,56,0.095
9MUG,schistosoma_mansoni,1,data/processed/training_full/pdbs/9MUG.pdb,151,13,0.086
9P01,schistosoma_mansoni,1,data/processed/training_full/pdbs/9P01.pdb,539,51,0.095
10DC,homo_sapiens,0,data/processed/training_full/pdbs/10DC.pdb,162,27,0.167
10DJ,homo_sapiens,0,data/processed/training_full/pdbs/10DJ.pdb,281,27,0.096
10GS,homo_sapiens,0,data/processed/training_full/pdbs/10GS.pdb,208,20,0.096
10QQ,homo_sapiens,0,data/processed/training_full/pdbs/10QQ.pdb,735,38,0.052
10QR,homo_sapiens,0,data/processed/training_full/pdbs/10QR.pdb,732,38,0.052
11GS,homo_sapiens,0,data/processed/training_full/pdbs/11GS.pdb,208,25,0.12
11QE,homo_sapiens,0,data/processed/training_full/pdbs/11QE.pdb,168,18,0.107
121P,homo_sapiens,0,data/processed/training_full/pdbs/121P.pdb,166,26,0.157
12CA,homo_sapiens,0,data/processed/training_full/pdbs/12CA.pdb,255,11,0.043
12GS,homo_sapiens,0,data/processed/training_full/pdbs/12GS.pdb,208,23,0.111
13GS,homo_sapiens,0,data/processed/training_full/pdbs/13GS.pdb,210,33,0.157
13SB,homo_sapiens,0,data/processed/training_full/pdbs/13SB.pdb,76,21,0.276
13SC,homo_sapiens,0,data/processed/training_full/pdbs/13SC.pdb,75,22,0.293
13SF,homo_sapiens,0,data/processed/training_full/pdbs/13SF.pdb,69,14,0.203
13SI,homo_sapiens,0,data/processed/training_full/pdbs/13SI.pdb,75,17,0.227
13SJ,homo_sapiens,0,data/processed/training_full/pdbs/13SJ.pdb,69,17,0.246
13SK,homo_sapiens,0,data/processed/training_full/pdbs/13SK.pdb,69,19,0.275
13SL,homo_sapiens,0,data/processed/training_full/pdbs/13SL.pdb,75,13,0.173
13SM,homo_sapiens,0,data/processed/training_full/pdbs/13SM.pdb,73,20,0.274
13SN,homo_sapiens,0,data/processed/training_full/pdbs/13SN.pdb,69,19,0.275
13SO,homo_sapiens,0,data/processed/training_full/pdbs/13SO.pdb,73,20,0.274
13SQ,homo_sapiens,0,data/processed/training_full/pdbs/13SQ.pdb,72,18,0.25
13SS,homo_sapiens,0,data/processed/training_full/pdbs/13SS.pdb,77,19,0.247
13SU,homo_sapiens,0,data/processed/training_full/pdbs/13SU.pdb,70,17,0.243
13SV,homo_sapiens,0,data/processed/training_full/pdbs/13SV.pdb,73,19,0.26
13SY,homo_sapiens,0,data/processed/training_full/pdbs/13SY.pdb,69,16,0.232
13TA,homo_sapiens,0,data/processed/training_full/pdbs/13TA.pdb,71,17,0.239
13TB,homo_sapiens,0,data/processed/training_full/pdbs/13TB.pdb,69,22,0.319
16GS,homo_sapiens,0,data/processed/training_full/pdbs/16GS.pdb,208,11,0.053
17GS,homo_sapiens,0,data/processed/training_full/pdbs/17GS.pdb,210,28,0.133
18GS,homo_sapiens,0,data/processed/training_full/pdbs/18GS.pdb,208,20,0.096
19GS,homo_sapiens,0,data/processed/training_full/pdbs/19GS.pdb,208,25,0.12
1A00,homo_sapiens,0,data/processed/training_full/pdbs/1A00.pdb,146,38,0.26
1A01,homo_sapiens,0,data/processed/training_full/pdbs/1A01.pdb,146,37,0.253
1A0U,homo_sapiens,0,data/processed/training_full/pdbs/1A0U.pdb,146,38,0.26
1A0Z,homo_sapiens,0,data/processed/training_full/pdbs/1A0Z.pdb,146,38,0.26
1A15,homo_sapiens,0,data/processed/training_full/pdbs/1A15.pdb,67,3,0.045
1A17,homo_sapiens,0,data/processed/training_full/pdbs/1A17.pdb,159,10,0.063
1A27,homo_sapiens,0,data/processed/training_full/pdbs/1A27.pdb,285,44,0.154
1A28,homo_sapiens,0,data/processed/training_full/pdbs/1A28.pdb,251,22,0.088
1A2B,homo_sapiens,0,data/processed/training_full/pdbs/1A2B.pdb,178,23,0.129
1A2C,homo_sapiens,0,data/processed/training_full/pdbs/1A2C.pdb,297,36,0.121
1A3B,homo_sapiens,0,data/processed/training_full/pdbs/1A3B.pdb,279,22,0.079
1A3E,homo_sapiens,0,data/processed/training_full/pdbs/1A3E.pdb,279,19,0.068
1A3N,homo_sapiens,0,data/processed/training_full/pdbs/1A3N.pdb,146,38,0.26
1A3O,homo_sapiens,0,data/processed/training_full/pdbs/1A3O.pdb,146,38,0.26
1A42,homo_sapiens,0,data/processed/training_full/pdbs/1A42.pdb,256,25,0.098
1A46,homo_sapiens,0,data/processed/training_full/pdbs/1A46.pdb,285,43,0.151
1A4I,homo_sapiens,0,data/processed/training_full/pdbs/1A4I.pdb,295,22,0.075
1A4R,homo_sapiens,0,data/processed/training_full/pdbs/1A4R.pdb,380,35,0.092
1A4V,homo_sapiens,0,data/processed/training_full/pdbs/1A4V.pdb,123,12,0.098
1A4W,homo_sapiens,0,data/processed/training_full/pdbs/1A4W.pdb,282,40,0.142
1A5G,homo_sapiens,0,data/processed/training_full/pdbs/1A5G.pdb,277,46,0.166
1A61,homo_sapiens,0,data/processed/training_full/pdbs/1A61.pdb,286,45,0.157
1A6Q,homo_sapiens,0,data/processed/training_full/pdbs/1A6Q.pdb,363,8,0.022
1A6Y,homo_sapiens,0,data/processed/training_full/pdbs/1A6Y.pdb,84,20,0.238
1A7C,homo_sapiens,0,data/processed/training_full/pdbs/1A7C.pdb,374,43,0.115
1A7S,homo_sapiens,0,data/processed/training_full/pdbs/1A7S.pdb,221,62,0.281
1A7X,homo_sapiens,0,data/processed/training_full/pdbs/1A7X.pdb,107,19,0.178
1A85,homo_sapiens,0,data/processed/training_full/pdbs/1A85.pdb,158,40,0.253
1A86,homo_sapiens,0,data/processed/training_full/pdbs/1A86.pdb,158,38,0.241
1A8E,homo_sapiens,0,data/processed/training_full/pdbs/1A8E.pdb,329,10,0.03
1A8F,homo_sapiens,0,data/processed/training_full/pdbs/1A8F.pdb,329,9,0.027
1A9U,homo_sapiens,0,data/processed/training_full/pdbs/1A9U.pdb,351,15,0.043
1AA9,homo_sapiens,0,data/processed/training_full/pdbs/1AA9.pdb,171,22,0.129
1AAX,homo_sapiens,0,data/processed/training_full/pdbs/1AAX.pdb,297,19,0.064
1ABJ,homo_sapiens,0,data/processed/training_full/pdbs/1ABJ.pdb,285,22,0.077
1ABN,homo_sapiens,0,data/processed/training_full/pdbs/1ABN.pdb,301,14,0.047
1ABW,homo_sapiens,0,data/processed/training_full/pdbs/1ABW.pdb,283,74,0.261
1AD8,homo_sapiens,0,data/processed/training_full/pdbs/1AD8.pdb,278,40,0.144
1ADS,homo_sapiens,0,data/processed/training_full/pdbs/1ADS.pdb,315,32,0.102
1AE5,homo_sapiens,0,data/processed/training_full/pdbs/1AE5.pdb,223,6,0.027
1AE8,homo_sapiens,0,data/processed/training_full/pdbs/1AE8.pdb,289,35,0.121
1AFE,homo_sapiens,0,data/processed/training_full/pdbs/1AFE.pdb,289,31,0.107
1AGP,homo_sapiens,0,data/processed/training_full/pdbs/1AGP.pdb,166,29,0.175
1AGW,homo_sapiens,0,data/processed/training_full/pdbs/1AGW.pdb,286,15,0.052
1AHT,homo_sapiens,0,data/processed/training_full/pdbs/1AHT.pdb,279,29,0.104
1AI8,homo_sapiens,0,data/processed/training_full/pdbs/1AI8.pdb,278,33,0.119
1AII,homo_sapiens,0,data/processed/training_full/pdbs/1AII.pdb,322,27,0.084
1AIN,homo_sapiens,0,data/processed/training_full/pdbs/1AIN.pdb,314,14,0.045
1AIX,homo_sapiens,0,data/processed/training_full/pdbs/1AIX.pdb,278,30,0.108
1AJ7,homo_sapiens,0,data/processed/training_full/pdbs/1AJ7.pdb,217,15,0.069
1AJ9,homo_sapiens,0,data/processed/training_full/pdbs/1AJ9.pdb,146,39,0.267
1ALU,homo_sapiens,0,data/processed/training_full/pdbs/1ALU.pdb,157,16,0.102
1AM6,homo_sapiens,0,data/processed/training_full/pdbs/1AM6.pdb,258,16,0.062
1ANW,homo_sapiens,0,data/processed/training_full/pdbs/1ANW.pdb,319,14,0.044
1ANX,homo_sapiens,0,data/processed/training_full/pdbs/1ANX.pdb,316,22,0.07
1AOX,homo_sapiens,0,data/processed/training_full/pdbs/1AOX.pdb,203,6,0.03
1AP4,homo_sapiens,0,data/processed/training_full/pdbs/1AP4.pdb,89,12,0.135
1AP5,homo_sapiens,0,data/processed/training_full/pdbs/1AP5.pdb,198,6,0.03
1AP6,homo_sapiens,0,data/processed/training_full/pdbs/1AP6.pdb,198,5,0.025
1APY,homo_sapiens,0,data/processed/training_full/pdbs/1APY.pdb,302,10,0.033
1APZ,homo_sapiens,0,data/processed/training_full/pdbs/1APZ.pdb,302,23,0.076
1AQ1,homo_sapiens,0,data/processed/training_full/pdbs/1AQ1.pdb,277,20,0.072
1AQV,homo_sapiens,0,data/processed/training_full/pdbs/1AQV.pdb,209,24,0.115
1AQW,homo_sapiens,0,data/processed/training_full/pdbs/1AQW.pdb,209,22,0.105
1AQX,homo_sapiens,0,data/processed/training_full/pdbs/1AQX.pdb,208,30,0.144
1AS4,homo_sapiens,0,data/processed/training_full/pdbs/1AS4.pdb,369,10,0.027
1ATK,homo_sapiens,0,data/processed/training_full/pdbs/1ATK.pdb,215,20,0.093
1AU1,homo_sapiens,0,data/processed/training_full/pdbs/1AU1.pdb,166,10,0.06
1AU3,homo_sapiens,0,data/processed/training_full/pdbs/1AU3.pdb,215,26,0.121
1AU4,homo_sapiens,0,data/processed/training_full/pdbs/1AU4.pdb,215,25,0.116
1AU8,homo_sapiens,0,data/processed/training_full/pdbs/1AU8.pdb,224,16,0.071
1AUI,homo_sapiens,0,data/processed/training_full/pdbs/1AUI.pdb,387,34,0.088
1AUK,homo_sapiens,0,data/processed/training_full/pdbs/1AUK.pdb,480,21,0.044
1AV5,homo_sapiens,0,data/processed/training_full/pdbs/1AV5.pdb,113,17,0.15
1AVH,homo_sapiens,0,data/processed/training_full/pdbs/1AVH.pdb,318,26,0.082
1AVN,homo_sapiens,0,data/processed/training_full/pdbs/1AVN.pdb,257,19,0.074
1AVR,homo_sapiens,0,data/processed/training_full/pdbs/1AVR.pdb,316,31,0.098
1AWB,homo_sapiens,0,data/processed/training_full/pdbs/1AWB.pdb,272,27,0.099
1AWF,homo_sapiens,0,data/processed/training_full/pdbs/1AWF.pdb,285,33,0.116
1AXN,homo_sapiens,0,data/processed/training_full/pdbs/1AXN.pdb,323,26,0.08
1AY6,homo_sapiens,0,data/processed/training_full/pdbs/1AY6.pdb,281,35,0.125
1AYK,homo_sapiens,0,data/processed/training_full/pdbs/1AYK.pdb,169,23,0.136
1AYU,homo_sapiens,0,data/processed/training_full/pdbs/1AYU.pdb,215,23,0.107
1AYV,homo_sapiens,0,data/processed/training_full/pdbs/1AYV.pdb,215,22,0.102
1AYW,homo_sapiens,0,data/processed/training_full/pdbs/1AYW.pdb,215,22,0.102
1AZ1,homo_sapiens,0,data/processed/training_full/pdbs/1AZ1.pdb,314,39,0.124
1AZM,homo_sapiens,0,data/processed/training_full/pdbs/1AZM.pdb,258,13,0.05
1AZV,homo_sapiens,0,data/processed/training_full/pdbs/1AZV.pdb,153,9,0.059
1B08,homo_sapiens,0,data/processed/training_full/pdbs/1B08.pdb,451,28,0.062
1B09,homo_sapiens,0,data/processed/training_full/pdbs/1B09.pdb,206,11,0.053
1B0L,homo_sapiens,0,data/processed/training_full/pdbs/1B0L.pdb,691,19,0.027
1B1C,homo_sapiens,0,data/processed/training_full/pdbs/1B1C.pdb,166,23,0.139
1B1E,homo_sapiens,0,data/processed/training_full/pdbs/1B1E.pdb,123,5,0.041
1B1I,homo_sapiens,0,data/processed/training_full/pdbs/1B1I.pdb,122,7,0.057
1B2I,homo_sapiens,0,data/processed/training_full/pdbs/1B2I.pdb,83,15,0.181
1B38,homo_sapiens,0,data/processed/training_full/pdbs/1B38.pdb,290,27,0.093
1B39,homo_sapiens,0,data/processed/training_full/pdbs/1B39.pdb,290,28,0.097
1B3A,homo_sapiens,0,data/processed/training_full/pdbs/1B3A.pdb,67,18,0.269
1B3D,homo_sapiens,0,data/processed/training_full/pdbs/1B3D.pdb,173,42,0.243
1B3E,homo_sapiens,0,data/processed/training_full/pdbs/1B3E.pdb,330,10,0.03
1B47,homo_sapiens,0,data/processed/training_full/pdbs/1B47.pdb,304,8,0.026
1B4Q,homo_sapiens,0,data/processed/training_full/pdbs/1B4Q.pdb,105,16,0.152
1B55,homo_sapiens,0,data/processed/training_full/pdbs/1B55.pdb,165,23,0.139
1B56,homo_sapiens,0,data/processed/training_full/pdbs/1B56.pdb,133,17,0.128
1B59,homo_sapiens,0,data/processed/training_full/pdbs/1B59.pdb,355,20,0.056
1B5G,homo_sapiens,0,data/processed/training_full/pdbs/1B5G.pdb,279,44,0.158
1B6A,homo_sapiens,0,data/processed/training_full/pdbs/1B6A.pdb,355,22,0.062
1B86,homo_sapiens,0,data/processed/training_full/pdbs/1B86.pdb,574,90,0.157
1B8Y,homo_sapiens,0,data/processed/training_full/pdbs/1B8Y.pdb,167,49,0.293
1B9O,homo_sapiens,0,data/processed/training_full/pdbs/1B9O.pdb,123,7,0.057
1BA8,homo_sapiens,0,data/processed/training_full/pdbs/1BA8.pdb,282,35,0.124
1BA9,homo_sapiens,0,data/processed/training_full/pdbs/1BA9.pdb,153,19,0.124
1BAB,homo_sapiens,0,data/processed/training_full/pdbs/1BAB.pdb,146,43,0.295
1BB0,homo_sapiens,0,data/processed/training_full/pdbs/1BB0.pdb,275,44,0.16
1BBB,homo_sapiens,0,data/processed/training_full/pdbs/1BBB.pdb,146,39,0.267
1BBZ,homo_sapiens,0,data/processed/training_full/pdbs/1BBZ.pdb,58,7,0.121
1BC8,homo_sapiens,0,data/processed/training_full/pdbs/1BC8.pdb,93,2,0.022
1BCD,homo_sapiens,0,data/processed/training_full/pdbs/1BCD.pdb,258,11,0.043
1BCU,homo_sapiens,0,data/processed/training_full/pdbs/1BCU.pdb,275,24,0.087
1BEH,homo_sapiens,0,data/processed/training_full/pdbs/1BEH.pdb,184,12,0.065
1BEN,homo_sapiens,0,data/processed/training_full/pdbs/1BEN.pdb,30,8,0.267
1BFF,homo_sapiens,0,data/processed/training_full/pdbs/1BFF.pdb,129,7,0.054
1BG2,homo_sapiens,0,data/processed/training_full/pdbs/1BG2.pdb,323,27,0.084
1BGO,homo_sapiens,0,data/processed/training_full/pdbs/1BGO.pdb,215,24,0.112
1BH5,homo_sapiens,0,data/processed/training_full/pdbs/1BH5.pdb,182,26,0.143
1BHT,homo_sapiens,0,data/processed/training_full/pdbs/1BHT.pdb,350,38,0.109
1BHX,homo_sapiens,0,data/processed/training_full/pdbs/1BHX.pdb,282,20,0.071
1BIC,homo_sapiens,0,data/processed/training_full/pdbs/1BIC.pdb,258,16,0.062
1BIJ,homo_sapiens,0,data/processed/training_full/pdbs/1BIJ.pdb,146,42,0.288
1BIK,homo_sapiens,0,data/processed/training_full/pdbs/1BIK.pdb,110,12,0.109
1BIL,homo_sapiens,0,data/processed/training_full/pdbs/1BIL.pdb,334,27,0.081
1BIO,homo_sapiens,0,data/processed/training_full/pdbs/1BIO.pdb,228,19,0.083
1BIW,homo_sapiens,0,data/processed/training_full/pdbs/1BIW.pdb,173,40,0.231
1BIX,homo_sapiens,0,data/processed/training_full/pdbs/1BIX.pdb,275,13,0.047
1BJ1,homo_sapiens,0,data/processed/training_full/pdbs/1BJ1.pdb,224,5,0.022
1BJ5,homo_sapiens,0,data/processed/training_full/pdbs/1BJ5.pdb,582,68,0.117
1BKA,homo_sapiens,0,data/processed/training_full/pdbs/1BKA.pdb,688,20,0.029
1BKC,homo_sapiens,0,data/processed/training_full/pdbs/1BKC.pdb,256,19,0.074
1BKF,homo_sapiens,0,data/processed/training_full/pdbs/1BKF.pdb,107,14,0.131
1BL4,homo_sapiens,0,data/processed/training_full/pdbs/1BL4.pdb,107,19,0.178
1BL6,homo_sapiens,0,data/processed/training_full/pdbs/1BL6.pdb,351,14,0.04
1BL7,homo_sapiens,0,data/processed/training_full/pdbs/1BL7.pdb,351,17,0.048
1BM6,homo_sapiens,0,data/processed/training_full/pdbs/1BM6.pdb,173,51,0.295
1BM7,homo_sapiens,0,data/processed/training_full/pdbs/1BM7.pdb,114,11,0.096
1BMK,homo_sapiens,0,data/processed/training_full/pdbs/1BMK.pdb,351,16,0.046
1BMQ,homo_sapiens,0,data/processed/training_full/pdbs/1BMQ.pdb,255,17,0.067
1BN1,homo_sapiens,0,data/processed/training_full/pdbs/1BN1.pdb,257,21,0.082
1BN3,homo_sapiens,0,data/processed/training_full/pdbs/1BN3.pdb,257,22,0.086
1BN4,homo_sapiens,0,data/processed/training_full/pdbs/1BN4.pdb,257,21,0.082
1BN5,homo_sapiens,0,data/processed/training_full/pdbs/1BN5.pdb,355,20,0.056
1BND,homo_sapiens,0,data/processed/training_full/pdbs/1BND.pdb,109,7,0.064
1BNN,homo_sapiens,0,data/processed/training_full/pdbs/1BNN.pdb,257,22,0.086
1BNQ,homo_sapiens,0,data/processed/training_full/pdbs/1BNQ.pdb,256,26,0.102
1BNT,homo_sapiens,0,data/processed/training_full/pdbs/1BNT.pdb,256,22,0.086
1BNU,homo_sapiens,0,data/processed/training_full/pdbs/1BNU.pdb,256,24,0.094
1BNV,homo_sapiens,0,data/processed/training_full/pdbs/1BNV.pdb,257,24,0.093
1BNW,homo_sapiens,0,data/processed/training_full/pdbs/1BNW.pdb,256,21,0.082
1BOA,homo_sapiens,0,data/processed/training_full/pdbs/1BOA.pdb,354,25,0.071
1BOR,homo_sapiens,0,data/processed/training_full/pdbs/1BOR.pdb,56,12,0.214
1BOZ,homo_sapiens,0,data/processed/training_full/pdbs/1BOZ.pdb,186,38,0.204
1BP1,homo_sapiens,0,data/processed/training_full/pdbs/1BP1.pdb,456,66,0.145
1BPX,homo_sapiens,0,data/processed/training_full/pdbs/1BPX.pdb,331,12,0.036
1BPY,homo_sapiens,0,data/processed/training_full/pdbs/1BPY.pdb,326,32,0.098
1BQO,homo_sapiens,0,data/processed/training_full/pdbs/1BQO.pdb,173,46,0.266
1BQU,homo_sapiens,0,data/processed/training_full/pdbs/1BQU.pdb,215,38,0.177
1BRP,homo_sapiens,0,data/processed/training_full/pdbs/1BRP.pdb,174,22,0.126
1BSI,homo_sapiens,0,data/processed/training_full/pdbs/1BSI.pdb,495,22,0.044
1BTK,homo_sapiens,0,data/processed/training_full/pdbs/1BTK.pdb,170,10,0.059
1BUW,homo_sapiens,0,data/processed/training_full/pdbs/1BUW.pdb,144,46,0.319
1BV3,homo_sapiens,0,data/processed/training_full/pdbs/1BV3.pdb,257,13,0.051
1BWC,homo_sapiens,0,data/processed/training_full/pdbs/1BWC.pdb,461,53,0.115
1BWN,homo_sapiens,0,data/processed/training_full/pdbs/1BWN.pdb,166,24,0.145
1BX4,homo_sapiens,0,data/processed/training_full/pdbs/1BX4.pdb,342,45,0.132
1BY2,homo_sapiens,0,data/processed/training_full/pdbs/1BY2.pdb,112,4,0.036
1BY4,homo_sapiens,0,data/processed/training_full/pdbs/1BY4.pdb,319,53,0.166
1BYG,homo_sapiens,0,data/processed/training_full/pdbs/1BYG.pdb,246,18,0.073
1BYQ,homo_sapiens,0,data/processed/training_full/pdbs/1BYQ.pdb,213,15,0.07
1BZ0,homo_sapiens,0,data/processed/training_full/pdbs/1BZ0.pdb,146,37,0.253
1BZ1,homo_sapiens,0,data/processed/training_full/pdbs/1BZ1.pdb,146,34,0.233
1BZC,homo_sapiens,0,data/processed/training_full/pdbs/1BZC.pdb,297,16,0.054
1BZJ,homo_sapiens,0,data/processed/training_full/pdbs/1BZJ.pdb,297,15,0.051
1BZM,homo_sapiens,0,data/processed/training_full/pdbs/1BZM.pdb,260,15,0.058
1BZS,homo_sapiens,0,data/processed/training_full/pdbs/1BZS.pdb,165,47,0.285
1BZY,homo_sapiens,0,data/processed/training_full/pdbs/1BZY.pdb,214,26,0.121
1BZZ,homo_sapiens,0,data/processed/training_full/pdbs/1BZZ.pdb,146,37,0.253
1C07,homo_sapiens,0,data/processed/training_full/pdbs/1C07.pdb,95,12,0.126
1C0F,homo_sapiens,0,data/processed/training_full/pdbs/1C0F.pdb,375,37,0.099
1C0G,homo_sapiens,0,data/processed/training_full/pdbs/1C0G.pdb,375,37,0.099
1C1U,homo_sapiens,0,data/processed/training_full/pdbs/1C1U.pdb,288,41,0.142
1C1V,homo_sapiens,0,data/processed/training_full/pdbs/1C1V.pdb,288,42,0.146
1C1W,homo_sapiens,0,data/processed/training_full/pdbs/1C1W.pdb,288,47,0.163
1C1Y,homo_sapiens,0,data/processed/training_full/pdbs/1C1Y.pdb,167,31,0.186
1C3D,homo_sapiens,0,data/processed/training_full/pdbs/1C3D.pdb,294,31,0.105
1C3I,homo_sapiens,0,data/processed/training_full/pdbs/1C3I.pdb,173,45,0.26
1C4U,homo_sapiens,0,data/processed/training_full/pdbs/1C4U.pdb,289,36,0.125
1C4V,homo_sapiens,0,data/processed/training_full/pdbs/1C4V.pdb,297,37,0.125
1C5C,homo_sapiens,0,data/processed/training_full/pdbs/1C5C.pdb,232,33,0.142
1C5L,homo_sapiens,0,data/processed/training_full/pdbs/1C5L.pdb,288,23,0.08
1C5N,homo_sapiens,0,data/processed/training_full/pdbs/1C5N.pdb,288,41,0.142
1C5O,homo_sapiens,0,data/processed/training_full/pdbs/1C5O.pdb,288,36,0.125
1C5W,homo_sapiens,0,data/processed/training_full/pdbs/1C5W.pdb,255,35,0.137
1C5X,homo_sapiens,0,data/processed/training_full/pdbs/1C5X.pdb,255,35,0.137
1C5Y,homo_sapiens,0,data/processed/training_full/pdbs/1C5Y.pdb,255,34,0.133
1C5Z,homo_sapiens,0,data/processed/training_full/pdbs/1C5Z.pdb,252,32,0.127
1C7B,homo_sapiens,0,data/processed/training_full/pdbs/1C7B.pdb,146,37,0.253
1C7C,homo_sapiens,0,data/processed/training_full/pdbs/1C7C.pdb,283,57,0.201
1C7D,homo_sapiens,0,data/processed/training_full/pdbs/1C7D.pdb,284,58,0.204
1C7P,homo_sapiens,0,data/processed/training_full/pdbs/1C7P.pdb,133,3,0.023
1C83,homo_sapiens,0,data/processed/training_full/pdbs/1C83.pdb,297,12,0.04
1C84,homo_sapiens,0,data/processed/training_full/pdbs/1C84.pdb,297,14,0.047
1C86,homo_sapiens,0,data/processed/training_full/pdbs/1C86.pdb,296,13,0.044
1C87,homo_sapiens,0,data/processed/training_full/pdbs/1C87.pdb,297,12,0.04
1C88,homo_sapiens,0,data/processed/training_full/pdbs/1C88.pdb,297,13,0.044
1C8Q,homo_sapiens,0,data/processed/training_full/pdbs/1C8Q.pdb,495,19,0.038
1C9H,homo_sapiens,0,data/processed/training_full/pdbs/1C9H.pdb,107,14,0.131
1C9Q,homo_sapiens,0,data/processed/training_full/pdbs/1C9Q.pdb,117,8,0.068
1C9Y,homo_sapiens,0,data/processed/training_full/pdbs/1C9Y.pdb,321,21,0.065
1CA3,homo_sapiens,0,data/processed/training_full/pdbs/1CA3.pdb,255,11,0.043
1CA7,homo_sapiens,0,data/processed/training_full/pdbs/1CA7.pdb,114,12,0.105
1CA8,homo_sapiens,0,data/processed/training_full/pdbs/1CA8.pdb,275,43,0.156
1CAH,homo_sapiens,0,data/processed/training_full/pdbs/1CAH.pdb,258,9,0.035
1CAI,homo_sapiens,0,data/processed/training_full/pdbs/1CAI.pdb,258,9,0.035
1CAJ,homo_sapiens,0,data/processed/training_full/pdbs/1CAJ.pdb,258,11,0.043
1CAK,homo_sapiens,0,data/processed/training_full/pdbs/1CAK.pdb,258,15,0.058
1CAM,homo_sapiens,0,data/processed/training_full/pdbs/1CAM.pdb,258,11,0.043
1CAN,homo_sapiens,0,data/processed/training_full/pdbs/1CAN.pdb,259,22,0.085
1CAO,homo_sapiens,0,data/processed/training_full/pdbs/1CAO.pdb,259,11,0.042
1CAQ,homo_sapiens,0,data/processed/training_full/pdbs/1CAQ.pdb,168,52,0.31
1CAY,homo_sapiens,0,data/processed/training_full/pdbs/1CAY.pdb,258,10,0.039
1CAZ,homo_sapiens,0,data/processed/training_full/pdbs/1CAZ.pdb,258,15,0.058
1CB0,homo_sapiens,0,data/processed/training_full/pdbs/1CB0.pdb,268,13,0.049
1CBL,homo_sapiens,0,data/processed/training_full/pdbs/1CBL.pdb,146,28,0.192
1CBM,homo_sapiens,0,data/processed/training_full/pdbs/1CBM.pdb,146,29,0.199
1CBQ,homo_sapiens,0,data/processed/training_full/pdbs/1CBQ.pdb,137,21,0.153
1CBS,homo_sapiens,0,data/processed/training_full/pdbs/1CBS.pdb,137,20,0.146
1CCU,homo_sapiens,0,data/processed/training_full/pdbs/1CCU.pdb,255,8,0.031
1CCZ,homo_sapiens,0,data/processed/training_full/pdbs/1CCZ.pdb,171,7,0.041
1CDK,homo_sapiens,0,data/processed/training_full/pdbs/1CDK.pdb,349,45,0.129
1CDL,homo_sapiens,0,data/processed/training_full/pdbs/1CDL.pdb,162,33,0.204
1CEA,homo_sapiens,0,data/processed/training_full/pdbs/1CEA.pdb,80,10,0.125
1CEB,homo_sapiens,0,data/processed/training_full/pdbs/1CEB.pdb,80,9,0.113
1CF4,homo_sapiens,0,data/processed/training_full/pdbs/1CF4.pdb,228,61,0.268
1CG6,homo_sapiens,0,data/processed/training_full/pdbs/1CG6.pdb,268,21,0.078
1CGE,homo_sapiens,0,data/processed/training_full/pdbs/1CGE.pdb,162,34,0.21
1CGF,homo_sapiens,0,data/processed/training_full/pdbs/1CGF.pdb,162,36,0.222
1CGH,homo_sapiens,0,data/processed/training_full/pdbs/1CGH.pdb,224,17,0.076
1CGL,homo_sapiens,0,data/processed/training_full/pdbs/1CGL.pdb,168,32,0.19
1CH4,homo_sapiens,0,data/processed/training_full/pdbs/1CH4.pdb,146,20,0.137
1CIL,homo_sapiens,0,data/processed/training_full/pdbs/1CIL.pdb,256,20,0.078
1CIM,homo_sapiens,0,data/processed/training_full/pdbs/1CIM.pdb,256,23,0.09
1CIN,homo_sapiens,0,data/processed/training_full/pdbs/1CIN.pdb,256,24,0.094
1CIZ,homo_sapiens,0,data/processed/training_full/pdbs/1CIZ.pdb,168,50,0.298
1CJ6,homo_sapiens,0,data/processed/training_full/pdbs/1CJ6.pdb,130,8,0.062
1CJ7,homo_sapiens,0,data/processed/training_full/pdbs/1CJ7.pdb,130,7,0.054
1CJ8,homo_sapiens,0,data/processed/training_full/pdbs/1CJ8.pdb,130,8,0.062
1CJ9,homo_sapiens,0,data/processed/training_full/pdbs/1CJ9.pdb,130,8,0.062
1CJF,homo_sapiens,0,data/processed/training_full/pdbs/1CJF.pdb,138,6,0.043
1CJM,homo_sapiens,0,data/processed/training_full/pdbs/1CJM.pdb,223,9,0.04
1CKC,homo_sapiens,0,data/processed/training_full/pdbs/1CKC.pdb,130,7,0.054
1CKD,homo_sapiens,0,data/processed/training_full/pdbs/1CKD.pdb,130,7,0.054
1CKF,homo_sapiens,0,data/processed/training_full/pdbs/1CKF.pdb,130,7,0.054
1CKP,homo_sapiens,0,data/processed/training_full/pdbs/1CKP.pdb,279,19,0.068
1CKS,homo_sapiens,0,data/processed/training_full/pdbs/1CKS.pdb,78,6,0.077
1CLL,homo_sapiens,0,data/processed/training_full/pdbs/1CLL.pdb,144,29,0.201
1CLS,homo_sapiens,0,data/processed/training_full/pdbs/1CLS.pdb,146,46,0.315
1CLU,homo_sapiens,0,data/processed/training_full/pdbs/1CLU.pdb,160,22,0.138
1CLY,homo_sapiens,0,data/processed/training_full/pdbs/1CLY.pdb,236,14,0.059
1CM0,homo_sapiens,0,data/processed/training_full/pdbs/1CM0.pdb,162,18,0.111
1CM8,homo_sapiens,0,data/processed/training_full/pdbs/1CM8.pdb,654,68,0.104
1CNG,homo_sapiens,0,data/processed/training_full/pdbs/1CNG.pdb,257,9,0.035
1CNI,homo_sapiens,0,data/processed/training_full/pdbs/1CNI.pdb,257,11,0.043
1CNJ,homo_sapiens,0,data/processed/training_full/pdbs/1CNJ.pdb,257,11,0.043
1CNK,homo_sapiens,0,data/processed/training_full/pdbs/1CNK.pdb,257,11,0.043
1CNT,homo_sapiens,0,data/processed/training_full/pdbs/1CNT.pdb,152,11,0.072
1CNW,homo_sapiens,0,data/processed/training_full/pdbs/1CNW.pdb,256,22,0.086
1CNX,homo_sapiens,0,data/processed/training_full/pdbs/1CNX.pdb,256,22,0.086
1CNY,homo_sapiens,0,data/processed/training_full/pdbs/1CNY.pdb,256,21,0.082
1CPU,homo_sapiens,0,data/processed/training_full/pdbs/1CPU.pdb,495,45,0.091
1CQR,homo_sapiens,0,data/processed/training_full/pdbs/1CQR.pdb,173,34,0.197
1CRA,homo_sapiens,0,data/processed/training_full/pdbs/1CRA.pdb,259,19,0.073
1CRM,homo_sapiens,0,data/processed/training_full/pdbs/1CRM.pdb,256,21,0.082
1CRP,homo_sapiens,0,data/processed/training_full/pdbs/1CRP.pdb,166,34,0.205
1CRQ,homo_sapiens,0,data/processed/training_full/pdbs/1CRQ.pdb,166,23,0.139
1CRR,homo_sapiens,0,data/processed/training_full/pdbs/1CRR.pdb,166,34,0.205
1CS3,homo_sapiens,0,data/processed/training_full/pdbs/1CS3.pdb,116,3,0.026
1CSB,homo_sapiens,0,data/processed/training_full/pdbs/1CSB.pdb,252,22,0.087
1CTQ,homo_sapiens,0,data/processed/training_full/pdbs/1CTQ.pdb,166,26,0.157
1CTR,homo_sapiens,0,data/processed/training_full/pdbs/1CTR.pdb,141,35,0.248
1CVA,homo_sapiens,0,data/processed/training_full/pdbs/1CVA.pdb,255,7,0.027
1CVB,homo_sapiens,0,data/processed/training_full/pdbs/1CVB.pdb,255,6,0.024
1CVW,homo_sapiens,0,data/processed/training_full/pdbs/1CVW.pdb,258,28,0.109
1CWR,homo_sapiens,0,data/processed/training_full/pdbs/1CWR.pdb,177,6,0.034
1CWS,homo_sapiens,0,data/processed/training_full/pdbs/1CWS.pdb,178,19,0.107
1CWT,homo_sapiens,0,data/processed/training_full/pdbs/1CWT.pdb,177,19,0.107
1CXP,homo_sapiens,0,data/processed/training_full/pdbs/1CXP.pdb,569,93,0.163
1CXZ,homo_sapiens,0,data/processed/training_full/pdbs/1CXZ.pdb,182,24,0.132
1CY5,homo_sapiens,0,data/processed/training_full/pdbs/1CY5.pdb,92,19,0.207
1CZ8,homo_sapiens,0,data/processed/training_full/pdbs/1CZ8.pdb,224,5,0.022
1CZA,homo_sapiens,0,data/processed/training_full/pdbs/1CZA.pdb,898,68,0.076
1CZM,homo_sapiens,0,data/processed/training_full/pdbs/1CZM.pdb,260,28,0.108
1CZS,homo_sapiens,0,data/processed/training_full/pdbs/1CZS.pdb,160,7,0.044
1D1J,homo_sapiens,0,data/processed/training_full/pdbs/1D1J.pdb,138,19,0.138
1D1S,homo_sapiens,0,data/processed/training_full/pdbs/1D1S.pdb,373,66,0.177
1D1T,homo_sapiens,0,data/processed/training_full/pdbs/1D1T.pdb,373,69,0.185
1D1Z,homo_sapiens,0,data/processed/training_full/pdbs/1D1Z.pdb,397,44,0.111
1D2L,homo_sapiens,0,data/processed/training_full/pdbs/1D2L.pdb,45,13,0.289
1D2S,homo_sapiens,0,data/processed/training_full/pdbs/1D2S.pdb,170,25,0.147
1D2V,homo_sapiens,0,data/processed/training_full/pdbs/1D2V.pdb,569,104,0.183
1D3D,homo_sapiens,0,data/processed/training_full/pdbs/1D3D.pdb,289,46,0.159
1D3G,homo_sapiens,0,data/processed/training_full/pdbs/1D3G.pdb,360,63,0.175
1D3H,homo_sapiens,0,data/processed/training_full/pdbs/1D3H.pdb,364,54,0.148
1D3K,homo_sapiens,0,data/processed/training_full/pdbs/1D3K.pdb,329,10,0.03
1D3P,homo_sapiens,0,data/processed/training_full/pdbs/1D3P.pdb,289,45,0.156
1D4A,homo_sapiens,0,data/processed/training_full/pdbs/1D4A.pdb,273,27,0.099
1D4N,homo_sapiens,0,data/processed/training_full/pdbs/1D4N.pdb,329,10,0.03
1D4P,homo_sapiens,0,data/processed/training_full/pdbs/1D4P.pdb,289,44,0.152
1D4U,homo_sapiens,0,data/processed/training_full/pdbs/1D4U.pdb,111,9,0.081
1D4X,homo_sapiens,0,data/processed/training_full/pdbs/1D4X.pdb,373,40,0.107
1D5I,homo_sapiens,0,data/processed/training_full/pdbs/1D5I.pdb,221,5,0.023
1D5L,homo_sapiens,0,data/processed/training_full/pdbs/1D5L.pdb,569,101,0.178
1D5M,homo_sapiens,0,data/processed/training_full/pdbs/1D5M.pdb,241,30,0.124
1D5R,homo_sapiens,0,data/processed/training_full/pdbs/1D5R.pdb,307,11,0.036
1D6O,homo_sapiens,0,data/processed/training_full/pdbs/1D6O.pdb,107,5,0.047
1D6P,homo_sapiens,0,data/processed/training_full/pdbs/1D6P.pdb,130,11,0.085
1D6Q,homo_sapiens,0,data/processed/training_full/pdbs/1D6Q.pdb,130,11,0.085
1D6V,homo_sapiens,0,data/processed/training_full/pdbs/1D6V.pdb,221,22,0.1
1D6W,homo_sapiens,0,data/processed/training_full/pdbs/1D6W.pdb,287,40,0.139
1D7H,homo_sapiens,0,data/processed/training_full/pdbs/1D7H.pdb,107,10,0.093
1D7I,homo_sapiens,0,data/processed/training_full/pdbs/1D7I.pdb,107,12,0.112
1D7J,homo_sapiens,0,data/processed/training_full/pdbs/1D7J.pdb,107,12,0.112
1D7P,homo_sapiens,0,data/processed/training_full/pdbs/1D7P.pdb,159,23,0.145
1D7W,homo_sapiens,0,data/processed/training_full/pdbs/1D7W.pdb,569,133,0.234
1D7X,homo_sapiens,0,data/processed/training_full/pdbs/1D7X.pdb,342,87,0.254
1D8D,homo_sapiens,0,data/processed/training_full/pdbs/1D8D.pdb,418,39,0.093
1D8F,homo_sapiens,0,data/processed/training_full/pdbs/1D8F.pdb,342,69,0.202
1D8M,homo_sapiens,0,data/processed/training_full/pdbs/1D8M.pdb,342,68,0.199
1D9I,homo_sapiens,0,data/processed/training_full/pdbs/1D9I.pdb,288,37,0.128
1DAN,homo_sapiens,0,data/processed/training_full/pdbs/1DAN.pdb,279,81,0.29
1DB1,homo_sapiens,0,data/processed/training_full/pdbs/1DB1.pdb,250,25,0.1
1DB4,homo_sapiens,0,data/processed/training_full/pdbs/1DB4.pdb,124,25,0.202
1DE7,homo_sapiens,0,data/processed/training_full/pdbs/1DE7.pdb,279,27,0.097
1DEH,homo_sapiens,0,data/processed/training_full/pdbs/1DEH.pdb,374,46,0.123
1DEJ,homo_sapiens,0,data/processed/training_full/pdbs/1DEJ.pdb,375,36,0.096
1DFP,homo_sapiens,0,data/processed/training_full/pdbs/1DFP.pdb,229,12,0.052
1DGB,homo_sapiens,0,data/processed/training_full/pdbs/1DGB.pdb,498,52,0.104
1DGF,homo_sapiens,0,data/processed/training_full/pdbs/1DGF.pdb,497,60,0.121
1DGG,homo_sapiens,0,data/processed/training_full/pdbs/1DGG.pdb,497,52,0.105
1DGH,homo_sapiens,0,data/processed/training_full/pdbs/1DGH.pdb,498,57,0.114
1DHF,homo_sapiens,0,data/processed/training_full/pdbs/1DHF.pdb,182,20,0.11
1DHS,homo_sapiens,0,data/processed/training_full/pdbs/1DHS.pdb,344,24,0.07
1DHT,homo_sapiens,0,data/processed/training_full/pdbs/1DHT.pdb,284,17,0.06
1DI3,homo_sapiens,0,data/processed/training_full/pdbs/1DI3.pdb,130,7,0.054
1DI4,homo_sapiens,0,data/processed/training_full/pdbs/1DI4.pdb,128,9,0.07
1DI5,homo_sapiens,0,data/processed/training_full/pdbs/1DI5.pdb,129,7,0.054
1DI8,homo_sapiens,0,data/processed/training_full/pdbs/1DI8.pdb,283,15,0.053
1DIA,homo_sapiens,0,data/processed/training_full/pdbs/1DIA.pdb,580,56,0.097
1DIC,homo_sapiens,0,data/processed/training_full/pdbs/1DIC.pdb,228,13,0.057
1DIG,homo_sapiens,0,data/processed/training_full/pdbs/1DIG.pdb,580,63,0.109
1DJL,homo_sapiens,0,data/processed/training_full/pdbs/1DJL.pdb,182,35,0.192
1DJS,homo_sapiens,0,data/processed/training_full/pdbs/1DJS.pdb,336,89,0.265
1DK8,homo_sapiens,0,data/processed/training_full/pdbs/1DK8.pdb,147,33,0.224
1DKE,homo_sapiens,0,data/processed/training_full/pdbs/1DKE.pdb,146,40,0.274
1DKF,homo_sapiens,0,data/processed/training_full/pdbs/1DKF.pdb,278,40,0.144
1DL6,homo_sapiens,0,data/processed/training_full/pdbs/1DL6.pdb,58,12,0.207
1DLR,homo_sapiens,0,data/processed/training_full/pdbs/1DLR.pdb,186,38,0.204
1DLS,homo_sapiens,0,data/processed/training_full/pdbs/1DLS.pdb,186,43,0.231
1DM2,homo_sapiens,0,data/processed/training_full/pdbs/1DM2.pdb,274,36,0.131
1DMT,homo_sapiens,0,data/processed/training_full/pdbs/1DMT.pdb,696,35,0.05
1DMW,homo_sapiens,0,data/processed/training_full/pdbs/1DMW.pdb,307,17,0.055
1DNC,homo_sapiens,0,data/processed/training_full/pdbs/1DNC.pdb,460,55,0.12
1DNU,homo_sapiens,0,data/processed/training_full/pdbs/1DNU.pdb,569,96,0.169
1DNW,homo_sapiens,0,data/processed/training_full/pdbs/1DNW.pdb,569,100,0.176
1DOJ,homo_sapiens,0,data/processed/training_full/pdbs/1DOJ.pdb,303,50,0.165
1DOK,homo_sapiens,0,data/processed/training_full/pdbs/1DOK.pdb,72,7,0.097
1DP7,homo_sapiens,0,data/processed/training_full/pdbs/1DP7.pdb,76,11,0.145
1DPF,homo_sapiens,0,data/processed/training_full/pdbs/1DPF.pdb,178,16,0.09
1DQ8,homo_sapiens,0,data/processed/training_full/pdbs/1DQ8.pdb,421,43,0.102
1DQA,homo_sapiens,0,data/processed/training_full/pdbs/1DQA.pdb,411,58,0.141
1DRF,homo_sapiens,0,data/processed/training_full/pdbs/1DRF.pdb,186,32,0.172
1DS6,homo_sapiens,0,data/processed/training_full/pdbs/1DS6.pdb,200,20,0.1
1DSN,homo_sapiens,0,data/processed/training_full/pdbs/1DSN.pdb,315,10,0.032
1DSW,homo_sapiens,0,data/processed/training_full/pdbs/1DSW.pdb,153,12,0.078
1DSZ,homo_sapiens,0,data/processed/training_full/pdbs/1DSZ.pdb,159,22,0.138
1DTD,homo_sapiens,0,data/processed/training_full/pdbs/1DTD.pdb,364,13,0.036
1DTG,homo_sapiens,0,data/processed/training_full/pdbs/1DTG.pdb,331,9,0.027
1DUG,homo_sapiens,0,data/processed/training_full/pdbs/1DUG.pdb,234,14,0.06
1DV8,homo_sapiens,0,data/processed/training_full/pdbs/1DV8.pdb,128,15,0.117
1DVS,homo_sapiens,0,data/processed/training_full/pdbs/1DVS.pdb,115,7,0.061
1DVT,homo_sapiens,0,data/processed/training_full/pdbs/1DVT.pdb,115,6,0.052
1DVU,homo_sapiens,0,data/processed/training_full/pdbs/1DVU.pdb,115,6,0.052
1DVX,homo_sapiens,0,data/processed/training_full/pdbs/1DVX.pdb,115,10,0.087
1DVY,homo_sapiens,0,data/processed/training_full/pdbs/1DVY.pdb,115,10,0.087
1DVZ,homo_sapiens,0,data/processed/training_full/pdbs/1DVZ.pdb,115,7,0.061
1DX5,homo_sapiens,0,data/processed/training_full/pdbs/1DX5.pdb,413,51,0.123
1DXO,homo_sapiens,0,data/processed/training_full/pdbs/1DXO.pdb,273,35,0.128
1DXT,homo_sapiens,0,data/processed/training_full/pdbs/1DXT.pdb,147,34,0.231
1DXU,homo_sapiens,0,data/processed/training_full/pdbs/1DXU.pdb,146,43,0.295
1DXV,homo_sapiens,0,data/processed/training_full/pdbs/1DXV.pdb,146,44,0.301
1DYT,homo_sapiens,0,data/processed/training_full/pdbs/1DYT.pdb,133,15,0.113
1DZI,homo_sapiens,0,data/processed/training_full/pdbs/1DZI.pdb,200,26,0.13
1E0A,homo_sapiens,0,data/processed/training_full/pdbs/1E0A.pdb,184,49,0.266
1E0S,homo_sapiens,0,data/processed/training_full/pdbs/1E0S.pdb,173,19,0.11
1E1V,homo_sapiens,0,data/processed/training_full/pdbs/1E1V.pdb,290,24,0.083
1E1X,homo_sapiens,0,data/processed/training_full/pdbs/1E1X.pdb,290,20,0.069
1E1Z,homo_sapiens,0,data/processed/training_full/pdbs/1E1Z.pdb,481,14,0.029
1E2D,homo_sapiens,0,data/processed/training_full/pdbs/1E2D.pdb,209,31,0.148
1E2E,homo_sapiens,0,data/processed/training_full/pdbs/1E2E.pdb,209,31,0.148
1E2F,homo_sapiens,0,data/processed/training_full/pdbs/1E2F.pdb,210,31,0.148
1E2G,homo_sapiens,0,data/processed/training_full/pdbs/1E2G.pdb,205,32,0.156
1E2Q,homo_sapiens,0,data/processed/training_full/pdbs/1E2Q.pdb,209,31,0.148
1E2S,homo_sapiens,0,data/processed/training_full/pdbs/1E2S.pdb,481,24,0.05
1E33,homo_sapiens,0,data/processed/training_full/pdbs/1E33.pdb,480,20,0.042
1E3G,homo_sapiens,0,data/processed/training_full/pdbs/1E3G.pdb,250,20,0.08
1E42,homo_sapiens,0,data/processed/training_full/pdbs/1E42.pdb,233,35,0.15
1E4H,homo_sapiens,0,data/processed/training_full/pdbs/1E4H.pdb,116,12,0.103
1E4U,homo_sapiens,0,data/processed/training_full/pdbs/1E4U.pdb,78,22,0.282
1E5A,homo_sapiens,0,data/processed/training_full/pdbs/1E5A.pdb,116,5,0.043
1E7A,homo_sapiens,0,data/processed/training_full/pdbs/1E7A.pdb,578,25,0.043
1E7B,homo_sapiens,0,data/processed/training_full/pdbs/1E7B.pdb,578,25,0.043
1E7C,homo_sapiens,0,data/processed/training_full/pdbs/1E7C.pdb,582,103,0.177
1E7E,homo_sapiens,0,data/processed/training_full/pdbs/1E7E.pdb,582,98,0.168
1E7F,homo_sapiens,0,data/processed/training_full/pdbs/1E7F.pdb,582,93,0.16
1E7G,homo_sapiens,0,data/processed/training_full/pdbs/1E7G.pdb,582,98,0.168
1E7H,homo_sapiens,0,data/processed/training_full/pdbs/1E7H.pdb,581,101,0.174
1E7Z,homo_sapiens,0,data/processed/training_full/pdbs/1E7Z.pdb,173,8,0.046
1E87,homo_sapiens,0,data/processed/training_full/pdbs/1E87.pdb,117,6,0.051
1E88,homo_sapiens,0,data/processed/training_full/pdbs/1E88.pdb,160,12,0.075
1E8A,homo_sapiens,0,data/processed/training_full/pdbs/1E8A.pdb,88,15,0.17
1E8B,homo_sapiens,0,data/processed/training_full/pdbs/1E8B.pdb,160,4,0.025
1E8I,homo_sapiens,0,data/processed/training_full/pdbs/1E8I.pdb,117,6,0.051
1E8Z,homo_sapiens,0,data/processed/training_full/pdbs/1E8Z.pdb,839,21,0.025
1E96,homo_sapiens,0,data/processed/training_full/pdbs/1E96.pdb,186,27,0.145
1E98,homo_sapiens,0,data/processed/training_full/pdbs/1E98.pdb,210,32,0.152
1E99,homo_sapiens,0,data/processed/training_full/pdbs/1E99.pdb,209,33,0.158
1E9A,homo_sapiens,0,data/processed/training_full/pdbs/1E9A.pdb,209,33,0.158
1E9B,homo_sapiens,0,data/processed/training_full/pdbs/1E9B.pdb,209,33,0.158
1E9C,homo_sapiens,0,data/processed/training_full/pdbs/1E9C.pdb,209,32,0.153
1E9D,homo_sapiens,0,data/processed/training_full/pdbs/1E9D.pdb,210,32,0.152
1E9E,homo_sapiens,0,data/processed/training_full/pdbs/1E9E.pdb,210,31,0.148
1E9F,homo_sapiens,0,data/processed/training_full/pdbs/1E9F.pdb,202,28,0.139
1E9H,homo_sapiens,0,data/processed/training_full/pdbs/1E9H.pdb,432,27,0.062
1E9N,homo_sapiens,0,data/processed/training_full/pdbs/1E9N.pdb,274,9,0.033
1EAJ,homo_sapiens,0,data/processed/training_full/pdbs/1EAJ.pdb,124,6,0.048
1EAX,homo_sapiens,0,data/processed/training_full/pdbs/1EAX.pdb,241,18,0.075
1EAZ,homo_sapiens,0,data/processed/training_full/pdbs/1EAZ.pdb,103,11,0.107
1EBM,homo_sapiens,0,data/processed/training_full/pdbs/1EBM.pdb,314,18,0.057
1ECV,homo_sapiens,0,data/processed/training_full/pdbs/1ECV.pdb,297,23,0.077
1EDM,homo_sapiens,0,data/processed/training_full/pdbs/1EDM.pdb,39,12,0.308
1EEM,homo_sapiens,0,data/processed/training_full/pdbs/1EEM.pdb,237,23,0.097
1EEN,homo_sapiens,0,data/processed/training_full/pdbs/1EEN.pdb,299,31,0.104
1EEO,homo_sapiens,0,data/processed/training_full/pdbs/1EEO.pdb,298,20,0.067
1EEU,homo_sapiens,0,data/processed/training_full/pdbs/1EEU.pdb,225,14,0.062
1EF1,homo_sapiens,0,data/processed/training_full/pdbs/1EF1.pdb,376,81,0.215
1EFH,homo_sapiens,0,data/processed/training_full/pdbs/1EFH.pdb,284,19,0.067
1EFN,homo_sapiens,0,data/processed/training_full/pdbs/1EFN.pdb,104,6,0.058
1EFQ,homo_sapiens,0,data/processed/training_full/pdbs/1EFQ.pdb,113,8,0.071
1EFV,homo_sapiens,0,data/processed/training_full/pdbs/1EFV.pdb,328,57,0.174
1EGD,homo_sapiens,0,data/processed/training_full/pdbs/1EGD.pdb,387,37,0.096
1EH2,homo_sapiens,0,data/processed/training_full/pdbs/1EH2.pdb,95,12,0.126
1EH3,homo_sapiens,0,data/processed/training_full/pdbs/1EH3.pdb,324,9,0.028
1EH6,homo_sapiens,0,data/processed/training_full/pdbs/1EH6.pdb,168,5,0.03
1EH7,homo_sapiens,0,data/processed/training_full/pdbs/1EH7.pdb,161,16,0.099
1EH8,homo_sapiens,0,data/processed/training_full/pdbs/1EH8.pdb,165,17,0.103
1EHW,homo_sapiens,0,data/processed/training_full/pdbs/1EHW.pdb,143,9,0.063
1EJ4,homo_sapiens,0,data/processed/training_full/pdbs/1EJ4.pdb,179,9,0.05
1EJF,homo_sapiens,0,data/processed/training_full/pdbs/1EJF.pdb,110,3,0.027
1EJH,homo_sapiens,0,data/processed/training_full/pdbs/1EJH.pdb,197,11,0.056
1EJN,homo_sapiens,0,data/processed/training_full/pdbs/1EJN.pdb,247,28,0.113
1EK3,homo_sapiens,0,data/processed/training_full/pdbs/1EK3.pdb,228,8,0.035
1EK5,homo_sapiens,0,data/processed/training_full/pdbs/1EK5.pdb,346,31,0.09
1EK6,homo_sapiens,0,data/processed/training_full/pdbs/1EK6.pdb,346,69,0.199
1EKF,homo_sapiens,0,data/processed/training_full/pdbs/1EKF.pdb,365,17,0.047
1EKP,homo_sapiens,0,data/processed/training_full/pdbs/1EKP.pdb,365,16,0.044
1EKV,homo_sapiens,0,data/processed/training_full/pdbs/1EKV.pdb,365,20,0.055
1EL3,homo_sapiens,0,data/processed/training_full/pdbs/1EL3.pdb,316,38,0.12
1ELR,homo_sapiens,0,data/processed/training_full/pdbs/1ELR.pdb,133,3,0.023
1ELV,homo_sapiens,0,data/processed/training_full/pdbs/1ELV.pdb,303,28,0.092
1ELW,homo_sapiens,0,data/processed/training_full/pdbs/1ELW.pdb,118,12,0.102
1EM1,homo_sapiens,0,data/processed/training_full/pdbs/1EM1.pdb,198,9,0.045
1EM2,homo_sapiens,0,data/processed/training_full/pdbs/1EM2.pdb,211,35,0.166
1EM6,homo_sapiens,0,data/processed/training_full/pdbs/1EM6.pdb,787,49,0.062
1EMJ,homo_sapiens,0,data/processed/training_full/pdbs/1EMJ.pdb,223,18,0.081
1EMN,homo_sapiens,0,data/processed/training_full/pdbs/1EMN.pdb,82,18,0.22
1EMO,homo_sapiens,0,data/processed/training_full/pdbs/1EMO.pdb,82,25,0.305
1EMU,homo_sapiens,0,data/processed/training_full/pdbs/1EMU.pdb,148,19,0.128
1EOU,homo_sapiens,0,data/processed/training_full/pdbs/1EOU.pdb,258,19,0.074
1EP9,homo_sapiens,0,data/processed/training_full/pdbs/1EP9.pdb,320,12,0.037
1EQ4,homo_sapiens,0,data/processed/training_full/pdbs/1EQ4.pdb,130,7,0.054
1EQ5,homo_sapiens,0,data/processed/training_full/pdbs/1EQ5.pdb,130,7,0.054
1EQE,homo_sapiens,0,data/processed/training_full/pdbs/1EQE.pdb,130,6,0.046
1EQT,homo_sapiens,0,data/processed/training_full/pdbs/1EQT.pdb,67,9,0.134
1EQY,homo_sapiens,0,data/processed/training_full/pdbs/1EQY.pdb,375,40,0.107
1ESL,homo_sapiens,0,data/processed/training_full/pdbs/1ESL.pdb,157,20,0.127
1ESV,homo_sapiens,0,data/processed/training_full/pdbs/1ESV.pdb,375,45,0.12
1ET1,homo_sapiens,0,data/processed/training_full/pdbs/1ET1.pdb,34,4,0.118
1ETA,homo_sapiens,0,data/processed/training_full/pdbs/1ETA.pdb,127,9,0.071
1ETB,homo_sapiens,0,data/processed/training_full/pdbs/1ETB.pdb,118,9,0.076
1ETE,homo_sapiens,0,data/processed/training_full/pdbs/1ETE.pdb,134,13,0.097
1EUB,homo_sapiens,0,data/processed/training_full/pdbs/1EUB.pdb,171,49,0.287
1EVU,homo_sapiens,0,data/processed/training_full/pdbs/1EVU.pdb,714,24,0.034
1EW2,homo_sapiens,0,data/processed/training_full/pdbs/1EW2.pdb,479,23,0.048
1EWF,homo_sapiens,0,data/processed/training_full/pdbs/1EWF.pdb,456,72,0.158
1EWN,homo_sapiens,0,data/processed/training_full/pdbs/1EWN.pdb,200,23,0.115
1EX0,homo_sapiens,0,data/processed/training_full/pdbs/1EX0.pdb,717,47,0.066
1EXA,homo_sapiens,0,data/processed/training_full/pdbs/1EXA.pdb,236,36,0.153
1EXT,homo_sapiens,0,data/processed/training_full/pdbs/1EXT.pdb,162,11,0.068
1EXV,homo_sapiens,0,data/processed/training_full/pdbs/1EXV.pdb,786,59,0.075
1EXZ,homo_sapiens,0,data/processed/training_full/pdbs/1EXZ.pdb,528,25,0.047
1EY2,homo_sapiens,0,data/processed/training_full/pdbs/1EY2.pdb,410,86,0.21
1EZF,homo_sapiens,0,data/processed/training_full/pdbs/1EZF.pdb,327,25,0.076
1EZQ,homo_sapiens,0,data/processed/training_full/pdbs/1EZQ.pdb,250,28,0.112
1F0J,homo_sapiens,0,data/processed/training_full/pdbs/1F0J.pdb,351,14,0.04
1F0R,homo_sapiens,0,data/processed/training_full/pdbs/1F0R.pdb,250,23,0.092
1F0S,homo_sapiens,0,data/processed/training_full/pdbs/1F0S.pdb,250,24,0.096
1F0Y,homo_sapiens,0,data/processed/training_full/pdbs/1F0Y.pdb,291,47,0.162
1F12,homo_sapiens,0,data/processed/training_full/pdbs/1F12.pdb,293,21,0.072
1F17,homo_sapiens,0,data/processed/training_full/pdbs/1F17.pdb,293,24,0.082
1F1J,homo_sapiens,0,data/processed/training_full/pdbs/1F1J.pdb,467,40,0.086
1F2Q,homo_sapiens,0,data/processed/training_full/pdbs/1F2Q.pdb,167,14,0.084
1F2W,homo_sapiens,0,data/processed/training_full/pdbs/1F2W.pdb,257,17,0.066
1F3M,homo_sapiens,0,data/processed/training_full/pdbs/1F3M.pdb,358,61,0.17
1F40,homo_sapiens,0,data/processed/training_full/pdbs/1F40.pdb,107,18,0.168
1F42,homo_sapiens,0,data/processed/training_full/pdbs/1F42.pdb,297,19,0.064
1F4J,homo_sapiens,0,data/processed/training_full/pdbs/1F4J.pdb,481,32,0.067
1F4O,homo_sapiens,0,data/processed/training_full/pdbs/1F4O.pdb,165,6,0.036
1F4R,homo_sapiens,0,data/processed/training_full/pdbs/1F4R.pdb,199,23,0.116
1F5F,homo_sapiens,0,data/processed/training_full/pdbs/1F5F.pdb,172,34,0.198
1F5K,homo_sapiens,0,data/processed/training_full/pdbs/1F5K.pdb,247,17,0.069
1F5L,homo_sapiens,0,data/processed/training_full/pdbs/1F5L.pdb,245,25,0.102
1F5N,homo_sapiens,0,data/processed/training_full/pdbs/1F5N.pdb,570,28,0.049
1F5W,homo_sapiens,0,data/processed/training_full/pdbs/1F5W.pdb,124,9,0.073
1F6O,homo_sapiens,0,data/processed/training_full/pdbs/1F6O.pdb,211,20,0.095
1F86,homo_sapiens,0,data/processed/training_full/pdbs/1F86.pdb,115,8,0.07
1F8H,homo_sapiens,0,data/processed/training_full/pdbs/1F8H.pdb,101,13,0.129
1F8Z,homo_sapiens,0,data/processed/training_full/pdbs/1F8Z.pdb,39,13,0.333
1F9P,homo_sapiens,0,data/processed/training_full/pdbs/1F9P.pdb,81,5,0.062
1F9X,homo_sapiens,0,data/processed/training_full/pdbs/1F9X.pdb,117,8,0.068
1FA9,homo_sapiens,0,data/processed/training_full/pdbs/1FA9.pdb,833,35,0.042
1FAK,homo_sapiens,0,data/processed/training_full/pdbs/1FAK.pdb,276,24,0.087
1FAO,homo_sapiens,0,data/processed/training_full/pdbs/1FAO.pdb,100,14,0.14
1FAR,homo_sapiens,0,data/processed/training_full/pdbs/1FAR.pdb,52,13,0.25
1FB8,homo_sapiens,0,data/processed/training_full/pdbs/1FB8.pdb,106,10,0.094
1FBY,homo_sapiens,0,data/processed/training_full/pdbs/1FBY.pdb,429,42,0.098
1FBZ,homo_sapiens,0,data/processed/training_full/pdbs/1FBZ.pdb,208,35,0.168
1FC0,homo_sapiens,0,data/processed/training_full/pdbs/1FC0.pdb,1585,61,0.038
1FCK,homo_sapiens,0,data/processed/training_full/pdbs/1FCK.pdb,691,19,0.027
1FCX,homo_sapiens,0,data/processed/training_full/pdbs/1FCX.pdb,235,36,0.153
1FCY,homo_sapiens,0,data/processed/training_full/pdbs/1FCY.pdb,236,36,0.153
1FCZ,homo_sapiens,0,data/processed/training_full/pdbs/1FCZ.pdb,235,36,0.153
1FD0,homo_sapiens,0,data/processed/training_full/pdbs/1FD0.pdb,235,36,0.153
1FD3,homo_sapiens,0,data/processed/training_full/pdbs/1FD3.pdb,41,1,0.024
1FD4,homo_sapiens,0,data/processed/training_full/pdbs/1FD4.pdb,41,9,0.22
1FDH,homo_sapiens,0,data/processed/training_full/pdbs/1FDH.pdb,146,39,0.267
1FDQ,homo_sapiens,0,data/processed/training_full/pdbs/1FDQ.pdb,262,45,0.172
1FDS,homo_sapiens,0,data/processed/training_full/pdbs/1FDS.pdb,282,17,0.06
1FDT,homo_sapiens,0,data/processed/training_full/pdbs/1FDT.pdb,285,50,0.175
1FE0,homo_sapiens,0,data/processed/training_full/pdbs/1FE0.pdb,68,9,0.132
1FE4,homo_sapiens,0,data/processed/training_full/pdbs/1FE4.pdb,68,9,0.132
1FE8,homo_sapiens,0,data/processed/training_full/pdbs/1FE8.pdb,403,58,0.144
1FEE,homo_sapiens,0,data/processed/training_full/pdbs/1FEE.pdb,68,12,0.176
1FF1,homo_sapiens,0,data/processed/training_full/pdbs/1FF1.pdb,101,13,0.129
1FF7,homo_sapiens,0,data/processed/training_full/pdbs/1FF7.pdb,46,9,0.196
1FFM,homo_sapiens,0,data/processed/training_full/pdbs/1FFM.pdb,46,6,0.13
1FGA,homo_sapiens,0,data/processed/training_full/pdbs/1FGA.pdb,124,15,0.121
1FGG,homo_sapiens,0,data/processed/training_full/pdbs/1FGG.pdb,250,30,0.12
1FGI,homo_sapiens,0,data/processed/training_full/pdbs/1FGI.pdb,286,17,0.059
1FH0,homo_sapiens,0,data/processed/training_full/pdbs/1FH0.pdb,442,42,0.095
1FHA,homo_sapiens,0,data/processed/training_full/pdbs/1FHA.pdb,172,7,0.041
1FIB,homo_sapiens,0,data/processed/training_full/pdbs/1FIB.pdb,249,5,0.02
1FID,homo_sapiens,0,data/processed/training_full/pdbs/1FID.pdb,259,6,0.023
1FIK,homo_sapiens,0,data/processed/training_full/pdbs/1FIK.pdb,139,5,0.036
1FIL,homo_sapiens,0,data/processed/training_full/pdbs/1FIL.pdb,139,5,0.036
1FIN,homo_sapiens,0,data/processed/training_full/pdbs/1FIN.pdb,432,18,0.042
1FIT,homo_sapiens,0,data/processed/training_full/pdbs/1FIT.pdb,124,31,0.25
1FJS,homo_sapiens,0,data/processed/training_full/pdbs/1FJS.pdb,234,59,0.252
1FKB,homo_sapiens,0,data/processed/training_full/pdbs/1FKB.pdb,107,14,0.131
1FKD,homo_sapiens,0,data/processed/training_full/pdbs/1FKD.pdb,107,14,0.131
1FKF,homo_sapiens,0,data/processed/training_full/pdbs/1FKF.pdb,107,14,0.131
1FKG,homo_sapiens,0,data/processed/training_full/pdbs/1FKG.pdb,107,11,0.103
1FKH,homo_sapiens,0,data/processed/training_full/pdbs/1FKH.pdb,107,12,0.112
1FKI,homo_sapiens,0,data/processed/training_full/pdbs/1FKI.pdb,107,14,0.131
1FKJ,homo_sapiens,0,data/processed/training_full/pdbs/1FKJ.pdb,107,14,0.131
1FLS,homo_sapiens,0,data/processed/training_full/pdbs/1FLS.pdb,158,26,0.165
1FM1,homo_sapiens,0,data/processed/training_full/pdbs/1FM1.pdb,158,37,0.234
1FM6,homo_sapiens,0,data/processed/training_full/pdbs/1FM6.pdb,304,41,0.135
1FM9,homo_sapiens,0,data/processed/training_full/pdbs/1FM9.pdb,298,45,0.151
1FMI,homo_sapiens,0,data/processed/training_full/pdbs/1FMI.pdb,456,13,0.029
1FN3,homo_sapiens,0,data/processed/training_full/pdbs/1FN3.pdb,146,38,0.26
1FNL,homo_sapiens,0,data/processed/training_full/pdbs/1FNL.pdb,173,4,0.023
1FO2,homo_sapiens,0,data/processed/training_full/pdbs/1FO2.pdb,456,23,0.05
1FO3,homo_sapiens,0,data/processed/training_full/pdbs/1FO3.pdb,455,25,0.055
1FP0,homo_sapiens,0,data/processed/training_full/pdbs/1FP0.pdb,88,17,0.193
1FPC,homo_sapiens,0,data/processed/training_full/pdbs/1FPC.pdb,274,29,0.106
1FPZ,homo_sapiens,0,data/processed/training_full/pdbs/1FPZ.pdb,178,11,0.062
1FQE,homo_sapiens,0,data/processed/training_full/pdbs/1FQE.pdb,329,16,0.049
1FQF,homo_sapiens,0,data/processed/training_full/pdbs/1FQF.pdb,329,9,0.027
1FQL,homo_sapiens,0,data/processed/training_full/pdbs/1FQL.pdb,256,11,0.043
1FQM,homo_sapiens,0,data/processed/training_full/pdbs/1FQM.pdb,256,11,0.043
1FR4,homo_sapiens,0,data/processed/training_full/pdbs/1FR4.pdb,257,10,0.039
1FRO,homo_sapiens,0,data/processed/training_full/pdbs/1FRO.pdb,176,27,0.153
1FSU,homo_sapiens,0,data/processed/training_full/pdbs/1FSU.pdb,474,30,0.063
1FTA,homo_sapiens,0,data/processed/training_full/pdbs/1FTA.pdb,319,16,0.05
1FTN,homo_sapiens,0,data/processed/training_full/pdbs/1FTN.pdb,177,21,0.119
1FU2,homo_sapiens,0,data/processed/training_full/pdbs/1FU2.pdb,30,4,0.133
1FUB,homo_sapiens,0,data/processed/training_full/pdbs/1FUB.pdb,30,4,0.133
1FV1,homo_sapiens,0,data/processed/training_full/pdbs/1FV1.pdb,190,14,0.074
1FVT,homo_sapiens,0,data/processed/training_full/pdbs/1FVT.pdb,282,16,0.057
1FW1,homo_sapiens,0,data/processed/training_full/pdbs/1FW1.pdb,208,26,0.125
1FWQ,homo_sapiens,0,data/processed/training_full/pdbs/1FWQ.pdb,115,7,0.061
1FXY,homo_sapiens,0,data/processed/training_full/pdbs/1FXY.pdb,228,24,0.105
1FY1,homo_sapiens,0,data/processed/training_full/pdbs/1FY1.pdb,225,19,0.084
1FY3,homo_sapiens,0,data/processed/training_full/pdbs/1FY3.pdb,219,16,0.073
1FZD,homo_sapiens,0,data/processed/training_full/pdbs/1FZD.pdb,197,16,0.081
1FZG,homo_sapiens,0,data/processed/training_full/pdbs/1FZG.pdb,362,33,0.091
1FZV,homo_sapiens,0,data/processed/training_full/pdbs/1FZV.pdb,100,6,0.06
1G05,homo_sapiens,0,data/processed/training_full/pdbs/1G05.pdb,332,74,0.223
1G0E,homo_sapiens,0,data/processed/training_full/pdbs/1G0E.pdb,258,17,0.066
1G0F,homo_sapiens,0,data/processed/training_full/pdbs/1G0F.pdb,258,11,0.043
1G13,homo_sapiens,0,data/processed/training_full/pdbs/1G13.pdb,160,23,0.144
1G1D,homo_sapiens,0,data/processed/training_full/pdbs/1G1D.pdb,258,21,0.081
1G1Q,homo_sapiens,0,data/processed/training_full/pdbs/1G1Q.pdb,160,11,0.069
1G1T,homo_sapiens,0,data/processed/training_full/pdbs/1G1T.pdb,157,12,0.076
1G2L,homo_sapiens,0,data/processed/training_full/pdbs/1G2L.pdb,290,25,0.086
1G30,homo_sapiens,0,data/processed/training_full/pdbs/1G30.pdb,288,31,0.108
1G32,homo_sapiens,0,data/processed/training_full/pdbs/1G32.pdb,288,30,0.104
1G37,homo_sapiens,0,data/processed/training_full/pdbs/1G37.pdb,286,25,0.087
1G3F,homo_sapiens,0,data/processed/training_full/pdbs/1G3F.pdb,126,8,0.063
1G3M,homo_sapiens,0,data/processed/training_full/pdbs/1G3M.pdb,290,48,0.166
1G3Z,homo_sapiens,0,data/processed/training_full/pdbs/1G3Z.pdb,258,11,0.043
1G45,homo_sapiens,0,data/processed/training_full/pdbs/1G45.pdb,258,20,0.078
1G46,homo_sapiens,0,data/processed/training_full/pdbs/1G46.pdb,258,20,0.078
1G47,homo_sapiens,0,data/processed/training_full/pdbs/1G47.pdb,70,22,0.314
1G48,homo_sapiens,0,data/processed/training_full/pdbs/1G48.pdb,258,20,0.078
1G49,homo_sapiens,0,data/processed/training_full/pdbs/1G49.pdb,342,74,0.216
1G4J,homo_sapiens,0,data/processed/training_full/pdbs/1G4J.pdb,258,28,0.109
1G4K,homo_sapiens,0,data/processed/training_full/pdbs/1G4K.pdb,168,53,0.315
1G4O,homo_sapiens,0,data/processed/training_full/pdbs/1G4O.pdb,258,20,0.078
1G4U,homo_sapiens,0,data/processed/training_full/pdbs/1G4U.pdb,526,28,0.053
1G52,homo_sapiens,0,data/processed/training_full/pdbs/1G52.pdb,258,21,0.081
1G53,homo_sapiens,0,data/processed/training_full/pdbs/1G53.pdb,258,21,0.081
1G54,homo_sapiens,0,data/processed/training_full/pdbs/1G54.pdb,258,21,0.081
1G55,homo_sapiens,0,data/processed/training_full/pdbs/1G55.pdb,311,61,0.196
1G5Y,homo_sapiens,0,data/processed/training_full/pdbs/1G5Y.pdb,229,15,0.066
1G7F,homo_sapiens,0,data/processed/training_full/pdbs/1G7F.pdb,297,15,0.051
1G7G,homo_sapiens,0,data/processed/training_full/pdbs/1G7G.pdb,297,17,0.057
1G86,homo_sapiens,0,data/processed/training_full/pdbs/1G86.pdb,141,8,0.057
1G8I,homo_sapiens,0,data/processed/training_full/pdbs/1G8I.pdb,188,61,0.324
1G96,homo_sapiens,0,data/processed/training_full/pdbs/1G96.pdb,111,3,0.027
1G9M,homo_sapiens,0,data/processed/training_full/pdbs/1G9M.pdb,451,64,0.142
1G9V,homo_sapiens,0,data/processed/training_full/pdbs/1G9V.pdb,574,125,0.218
1GA5,homo_sapiens,0,data/processed/training_full/pdbs/1GA5.pdb,82,16,0.195
1GAF,homo_sapiens,0,data/processed/training_full/pdbs/1GAF.pdb,217,18,0.083
1GBN,homo_sapiens,0,data/processed/training_full/pdbs/1GBN.pdb,402,22,0.055
1GBU,homo_sapiens,0,data/processed/training_full/pdbs/1GBU.pdb,146,44,0.301
1GBV,homo_sapiens,0,data/processed/training_full/pdbs/1GBV.pdb,146,37,0.253
